resnam,resnum,wcnSC,wcnCA
MET,1,0.769255625222,0.821502041054
LEU,2,1.00302213548,1.08843304668
GLU,3,1.16051526026,1.22019975183
GLN,4,0.896226341037,1.07251660932
PRO,5,0.992748362781,1.1178305095
TYR,6,1.27407481307,1.2441712453
LEU,7,1.08877494764,1.14539684255
ASP,8,0.870996978174,1.018229366
LEU,9,1.14928073614,1.14647166346
ALA,10,1.13880168555,1.18554705145
LYS,11,0.752303560129,0.987845007956
LYS,12,0.812823708822,0.945968922829
VAL,13,1.06009435301,1.12732507045
LEU,14,0.915692107265,0.976816987413
ASP,15,0.66766725408,0.75209651884
GLU,16,0.650714254348,0.788125059159
GLY,17,0.799740650386,1.00324784601
HIS,18,0.766564290333,0.866098374482
PHE,19,0.686973658658,0.898664271688
LYS,20,0.781905015642,0.881098401143
PRO,21,0.653471799869,0.879946270326
ASP,22,0.951959313909,0.916279357267
ARG,23,0.855489579213,0.794211343544
THR,24,0.991195038363,0.870006021866
HIS,25,0.61631197753,0.829365076409
THR,26,0.849722671312,0.87957912361
GLY,27,0.857261118331,1.02242850026
THR,28,0.996896483989,1.15682285022
TYR,29,0.807264919916,1.15194457552
SER,30,1.00410465727,1.16153669766
ILE,31,0.980436337338,1.01683993459
PHE,32,0.770254064086,0.988756521308
GLY,33,0.944647887263,0.905901333809
HIS,34,0.987090147604,1.04012357756
GLN,35,0.852073093681,1.06066485141
MET,36,1.15496383134,1.13329347932
ARG,37,0.83674975746,1.12243714329
PHE,38,1.17713416568,1.18972229425
ASP,39,0.916538635832,1.11962103023
LEU,40,1.18886351009,1.21145761149
SER,41,0.85096500627,0.954878601428
LYS,42,0.655143708659,0.930057467111
GLY,43,0.892357597691,1.13021834833
PHE,44,1.23888579271,1.26761666817
PRO,45,1.25343909539,1.31012643219
LEU,46,1.23708866367,1.28706141405
LEU,47,1.27748020031,1.2557183787
THR,48,1.04211279792,1.19465368409
THR,49,1.10146096111,1.137829511
LYS,50,1.20670073722,1.15138154146
LYS,51,0.899455615222,1.13241350598
VAL,52,1.2013179459,1.17336320962
PRO,53,1.02289290501,1.09142515695
PHE,54,1.20569076483,1.1823890164
GLY,55,1.04388280152,1.10693771425
LEU,56,1.08724796886,1.20683224582
ILE,57,1.28779950676,1.33013822898
LYS,58,1.06393247039,1.30543341942
SER,59,1.15730360513,1.27238118045
GLU,60,1.27745747952,1.32736213653
LEU,61,1.29641821443,1.36857663555
LEU,62,1.14475288927,1.29817853924
TRP,63,1.23209407628,1.29464474504
PHE,64,1.31471485293,1.38214647057
LEU,65,1.2184539251,1.28314845839
HIS,66,0.997516652533,1.14458350362
GLY,67,1.11719355436,1.1979568358
ASP,68,1.02732568278,1.18345496864
THR,69,1.11410787308,1.23020993158
ASN,70,1.03197050139,1.22287029393
ILE,71,1.17289966095,1.28487033423
ARG,72,0.901423479171,1.19125001696
PHE,73,1.01741067832,1.12118888556
LEU,74,1.20563891523,1.25681483573
LEU,75,1.04682249696,1.15035880167
GLN,76,0.83127409308,0.970061164447
HIS,77,0.890737347078,1.01788980562
ARG,78,0.585506352595,0.971721684374
ASN,79,1.1791691659,1.15605099049
HIS,80,0.923347505762,1.13750073629
ILE,81,1.1395816948,1.13725855058
TRP,82,1.20078650635,1.19034601129
ASP,83,1.09066658793,1.20361133092
GLU,84,1.03233756615,1.15110173793
TRP,85,1.05175021275,1.14290872373
ALA,86,1.10718781671,1.20194065754
PHE,87,1.09940854715,1.1791960552
GLU,88,0.920911642514,1.04676344857
LYS,89,0.922217789856,1.03469754909
TRP,90,0.983162983951,1.05352313454
VAL,91,0.931141630938,0.989367960663
LYS,92,0.697692720012,0.832770432385
SER,93,0.859289119013,0.889473805586
ASP,94,0.546818870519,0.660043229817
GLU,95,0.659010186854,0.69437808437
TYR,96,0.849920396896,0.791650784646
HIS,97,0.471994758714,0.640347851599
GLY,98,0.606934098743,0.601101486241
PRO,99,0.634993750448,0.668484474635
ASP,100,0.649214405867,0.789630686612
MET,101,0.898366194719,0.919202715593
THR,102,0.679787391167,0.795763168195
ASP,103,0.702938056495,0.811610340492
PHE,104,1.04948013069,0.983317514283
GLY,105,1.00171114442,1.00684662466
HIS,106,0.801516758432,0.897042552643
ARG,107,0.606004303355,0.899748117124
SER,108,0.90926157887,0.964076587263
GLN,109,0.754170116716,0.791211656156
LYS,110,0.626817726023,0.728931872656
ASP,111,0.69183943189,0.842694074997
PRO,112,0.55595478337,0.689078952632
GLU,113,0.719191084363,0.745877614446
PHE,114,0.845013534758,0.980501009224
ALA,115,0.757387149864,0.888046427754
ALA,116,0.671847000243,0.80256453552
VAL,117,0.688487658531,0.853804602676
TYR,118,1.00445910291,1.03167711307
HIS,119,0.843430495193,0.977494979458
GLU,120,0.652105375422,0.92742118277
GLU,121,0.815232998316,0.965943285213
MET,122,1.08107119516,1.09239089865
ALA,123,0.864073355166,0.986857168391
LYS,124,0.78906512266,0.904992871685
PHE,125,1.08199864072,1.0404337903
ASP,126,1.03462050527,1.11489000382
ASP,127,0.723504820739,0.943186485869
ARG,128,0.72792498292,0.962184278796
VAL,129,1.05749111902,1.17960993956
LEU,130,0.850376688293,0.970132852742
HIS,131,0.628361547661,0.780565583065
ASP,132,0.725281468159,0.796564750691
ASP,133,0.660067897674,0.878839101059
ALA,134,0.735203505109,0.787782232204
PHE,135,0.913807277569,1.02117543943
ALA,136,1.02192247615,1.17214864311
ALA,137,0.856404909756,0.952546944971
LYS,138,0.743440141059,0.907627796594
TYR,139,0.939627798339,1.09630418117
GLY,140,1.08043556756,1.25789599348
ASP,141,1.03999589328,1.18579618176
LEU,142,1.16511232793,1.13983918691
GLY,143,1.13345488074,1.05755744638
LEU,144,0.958926679868,1.11204595989
VAL,145,1.26455454667,1.24805547236
TYR,146,1.27570372983,1.32360213297
GLY,147,1.30926956058,1.40029251124
SER,148,1.14348318678,1.28225717559
GLN,149,1.17436784401,1.29034932558
TRP,150,1.26292488618,1.31693523824
ARG,151,1.03581365349,1.26044017249
ALA,152,0.98583329348,1.15956899502
TRP,153,0.901514494339,1.07697886925
HIS,154,0.758856100951,0.911322943089
THR,155,0.718567290427,0.805084579576
SER,156,0.544707014,0.612019028289
LYS,157,0.421458750635,0.590814636815
GLY,158,0.560217320279,0.625607364416
ASP,159,0.581748796624,0.711329000757
THR,160,0.764842833069,0.894918030558
ILE,161,0.763507462991,0.907477479747
ASP,162,0.922738785997,1.06915458697
GLN,163,0.997640341659,1.14379125497
LEU,164,1.22323565811,1.21497941496
GLY,165,1.10269485996,1.06731481356
ASP,166,0.800486511634,1.02460455495
VAL,167,1.13116423786,1.1765243163
ILE,168,1.08961024725,1.13437093147
GLU,169,0.730370347464,0.961410050982
GLN,170,0.767721261779,0.99004740206
ILE,171,1.02767646532,1.10316783353
LYS,172,0.77034032119,0.943151161136
THR,173,0.669256426146,0.751580381732
HIS,174,0.534809326104,0.751052220519
PRO,175,0.693790239925,0.919311242359
TYR,176,0.587190790559,0.83887567416
SER,177,0.764114357634,0.834203429991
ARG,178,0.439349432948,0.773409324985
ARG,179,0.509675412695,0.83431631257
LEU,180,0.937394987866,1.06607810033
ILE,181,0.905770382834,1.12779699199
VAL,182,1.14352289467,1.17573239664
SER,183,0.971174802904,1.14455592851
ALA,184,1.1585583488,1.22335344975
TRP,185,0.892195067508,1.07468373656
ASN,186,0.96209029775,0.962086318923
PRO,187,0.704537052619,0.803442434404
GLU,188,0.683430980443,0.750177471612
ASP,189,0.897303000639,0.877863428134
VAL,190,0.872256557051,0.92140354573
PRO,191,0.657907716786,0.759259392433
THR,192,0.627381335501,0.747008176216
MET,193,0.96758593714,0.932943162132
ALA,194,0.908573554152,0.925248875172
LEU,195,1.05845634801,1.02253991411
PRO,196,0.984338893488,1.07238312718
PRO,197,1.15464893582,1.19003297758
CYS,198,1.2295076783,1.22607608908
HIS,199,1.33021000405,1.32508292113
THR,200,1.10852044578,1.26084268672
LEU,201,0.996010495718,1.25974213221
TYR,202,1.25224931228,1.30415528168
GLN,203,0.85686946846,1.19743274917
PHE,204,1.16166078281,1.22324901758
TYR,205,0.795063198719,1.12491412601
VAL,206,0.916513637321,1.10296520039
ASN,207,0.817383725148,0.923610537679
ASP,208,0.68757058644,0.776650382295
GLY,209,0.754002710657,0.909804494362
LYS,210,0.746358553131,1.12371538795
LEU,211,1.17829560525,1.28619646216
SER,212,1.05969257089,1.26793402079
LEU,213,1.27588781258,1.33924779032
GLN,214,0.990163448346,1.30417416297
LEU,215,1.26913917435,1.36110819395
TYR,216,0.953787078753,1.28273360485
GLN,217,1.33367137963,1.3492458559
ARG,218,1.07417790139,1.19313179065
SER,219,1.19271372759,1.20663844018
ALA,220,1.3037565702,1.30482473393
ASP,221,1.29864327045,1.32052160522
ILE,222,1.26966827559,1.33481152955
PHE,223,1.20147666143,1.25653640933
LEU,224,1.21230440933,1.19533542804
GLY,225,1.32873324013,1.29716917712
VAL,226,1.34061092654,1.37361644346
PRO,227,1.33350709568,1.33706070857
PHE,228,1.21874848134,1.35124800746
ASN,229,1.33151675983,1.39280001025
ILE,230,1.34193779795,1.4021699977
ALA,231,1.37310453932,1.41880132051
SER,232,1.36621188562,1.40347607321
TYR,233,1.348038752,1.4110944429
ALA,234,1.36680367163,1.4269131749
LEU,235,1.29594779451,1.3842139875
LEU,236,1.31469389508,1.38671451237
THR,237,1.32872341695,1.39863819574
HIS,238,1.17653339519,1.31052601438
LEU,239,1.22415320375,1.28979863136
VAL,240,1.23787532301,1.29453394314
ALA,241,1.18408891448,1.28973737361
HIS,242,0.917810433121,1.14485117655
GLU,243,1.02738696396,1.11470250555
CYS,244,1.02898764323,0.995516193948
GLY,245,0.881415957254,0.891522903961
LEU,246,0.923978771676,1.03139273322
GLU,247,0.744739571018,1.04984683388
VAL,248,1.13190574064,1.21842410518
GLY,249,1.13587359436,1.1382125746
GLU,250,0.96163438359,1.24469471451
PHE,251,1.30261200314,1.36084877558
ILE,252,1.07482350782,1.28665850325
HIS,253,1.30138566295,1.32347469615
THR,254,1.04795001766,1.24245307412
PHE,255,1.23771400404,1.2726454731
GLY,256,1.15362984291,1.16871177869
ASP,257,1.00872760607,1.13467845061
ALA,258,1.16180739728,1.26185020515
HIS,259,1.19052685644,1.29412872825
LEU,260,1.14530324169,1.27525399439
TYR,261,1.09253387626,1.19129725578
VAL,262,0.887419751361,1.03501590473
ASN,263,0.92831062553,0.939843984566
HIS,264,1.12526747503,1.03869472056
LEU,265,0.868790474075,0.992661871055
ASP,266,0.679084419621,0.862021584972
GLN,267,0.865856470578,0.990594285746
ILE,268,1.1050294886,1.1103469898
LYS,269,0.721710004302,0.942664676321
GLU,270,0.747846687129,0.904188380143
GLN,271,1.13618205792,1.0569582569
LEU,272,0.887304002058,0.94798282885
SER,273,0.689507728683,0.780723149113
ARG,274,0.88540371855,0.882592436775
THR,275,0.618070134449,0.83044999764
PRO,276,0.910785940938,0.986323329737
ARG,277,0.790556216837,0.909608951547
PRO,278,0.696485016656,0.886482264221
ALA,279,0.870927233068,1.02484233255
PRO,280,1.04964189998,1.1069572337
THR,281,0.871799666579,1.0718388164
LEU,282,1.12820164507,1.15644916929
GLN,283,0.842943549473,0.99512517117
LEU,284,1.00405620277,1.07398301842
ASN,285,0.775508009729,0.905928366434
PRO,286,0.654864133367,0.761692511588
ASP,287,0.583635907005,0.694760637042
LYS,288,0.681088867673,0.838420632713
HIS,289,0.627282491158,0.897605634926
ASP,290,0.850952718024,0.970103084434
ILE,291,1.16318909618,1.13576669133
PHE,292,1.03952041371,1.06550981807
ASP,293,0.774359806903,0.936233403135
PHE,294,1.02361429831,1.04199078592
ASP,295,0.782960026119,0.938340746265
MET,296,0.946782134037,1.02596629892
LYS,297,0.613678594325,0.900650636177
ASP,298,0.928654638847,0.989607898567
ILE,299,1.09808486358,1.15126249094
LYS,300,0.828197890624,1.04706656467
LEU,301,1.05643356627,1.09641593512
LEU,302,0.765492834733,0.922238756829
ASN,303,0.724647262746,0.84013510705
TYR,304,1.04554297213,0.948314729646
ASP,305,0.697327559843,0.850534706931
PRO,306,0.966965745901,1.04672245586
TYR,307,0.868684749533,0.963469986832
PRO,308,0.7165883105,0.839036563108
ALA,309,0.841249051375,0.961402139963
ILE,310,0.926846398526,0.956097259397
LYS,311,0.720352005918,0.903015432443
ALA,312,0.948748410157,0.943243724385
PRO,313,0.843217834002,0.888964768322
VAL,314,0.894722102038,0.966034163132
ALA,315,1.01126026737,1.01593367119
VAL,316,0.99494201651,0.963785515864
