AA_0,AA_1,AA_2,AA_3,AA_4,AA_5,AA_6,Residue,Amino_Acid,Chain,RSA_mono,Residue,Amino_Acid,Chain,RSA,pdb_aa,rate,pdb_aa,raw_rate,resnam,resnum,wcnSC,wcnCA,resnam,resnum,wcnSC_mono,wcnCA_mono,PDB_AA,1Q,2I,3F,4V,5K,6T,7L,8T,9G,10K,11T,12I,13T,14L,15E,16V,17E,18P,19S,20D,21T,22I,23E,24N,25V,26K,27A,28K,29I,30Q,31D,32K,33E,34G,35I,36P,37P,38D,39Q,40Q,41R,42L,43I,44F,45A,46G,47K,48Q,49L,50E,51D,52G,53R,54T,55L,56S,57D,58Y,59N,60I,61Q,62K,63E,64S,65T,66L,67H,68L,69V,70L,71R
Q,Q,Q,Q,Q,Q,Q,1.0,Q,B,0.382222222222,138,Q,B,0.382222222222,Q,-0.4569,Q,0.002575,GLN,138,0.62905809217,0.765354041922,GLN,1.0,0.43955373882,0.56484163079,Q,0.0,7.63029580318,5.55466784206,11.5178266871,14.1992341252,17.3600768331,21.7387874471,21.6948018882,17.4857543782,15.7635696165,10.285948541,10.9015259151,4.53524317242,9.1142216899,5.8666131531,9.1779887732,12.201362446,13.432456663,17.0480997276,13.900374681,19.6641760167,17.6804615336,21.7455451274,17.7092141821,13.1927800309,19.3449950951,18.23844064,12.4421444873,14.344549977,20.8314379113,17.2884413589,11.2446752871,15.5177656255,20.3801830668,19.6849265684,24.1383599636,21.6343758484,26.8053708253,25.8688376348,18.6540837375,24.1027275554,16.0151604197,19.8568607248,15.1259250527,18.2828552062,22.0501539273,23.0065105555,23.8071349435,17.7306549776,25.2982937888,22.8579420743,23.459836113,23.4447870202,19.0985662717,12.9144564409,17.5918748746,21.490090712,19.6083209031,18.9606607568,13.390997712,13.8919653838,9.02386706939,4.75975194344,10.2847009137,10.6070470641,12.3558671884,15.6923904154,16.8892588053,21.8861944642,21.5625038487,28.5005665601
I,I,I,I,I,I,I,2.0,I,B,0.0203045685279,139,I,B,0.0203045685279,I,0.5643,I,0.0266,ILE,139,0.914609509541,0.9819114233,ILE,2.0,0.674996228514,0.745229006614,I,7.63029580318,0.0,7.06302084678,6.98786351453,12.5922546612,14.4644371489,18.413088175,20.2136094095,16.6265949279,17.5781567142,10.6766527718,9.83461256257,8.01425519376,5.79658819962,8.35211489572,4.29363294112,10.3562753011,9.61681676242,12.6457021467,8.97944682514,13.0884927163,10.1421921173,15.2444241239,12.1442648187,6.45342690179,12.6466738628,13.3910619379,8.73309442461,9.69845560512,16.7552817363,14.8426350851,11.2738536689,14.0583974004,17.7384384105,15.7192927362,19.5539867677,16.1464219524,20.9765573053,20.9230249109,13.1424878478,17.7084705189,9.21544408318,13.6147248716,9.12217755512,12.9026597729,16.0822786139,15.9464557266,16.7210081953,10.2659297439,17.6727029365,15.6719452098,16.1974428582,16.0764326433,12.5830926672,5.92293333389,12.203238856,14.7514664953,12.234972109,13.7161654846,6.6923108854,10.9179822374,10.0256668598,8.04551106706,5.85849062535,7.93356688787,5.43152397076,11.5078230095,12.0086837661,16.5189560255,17.1342759252,22.6620269621
F,F,F,F,F,F,F,3.0,F,B,0.2125,140,F,B,0.2125,F,-0.3867,F,0.004226,PHE,140,0.74547214266,0.990019248412,PHE,3.0,0.496538339464,0.758440405017,F,5.55466784206,7.06302084678,0.0,8.41261477101,8.86977663816,13.0901770247,16.5671707178,17.0369787684,13.3385043566,13.0786395631,5.74558346537,8.80889307789,5.23376043159,9.12510258141,10.342273065,10.6669253122,15.7082691887,15.5059530815,19.279314461,15.6584208073,19.9916720171,16.2761708386,21.1573325985,18.7606888051,12.6222436334,17.59448336,18.6455809825,13.9747216338,12.7539272557,20.4705531355,18.3651240435,11.7707898845,13.9040588167,19.479212705,17.4802763692,22.5292237575,20.6640654225,25.014985595,23.3905235919,16.5980037582,20.2404992895,13.3581426226,15.6119378093,11.9758714848,14.5040454458,17.8546788525,20.086398561,20.3354866256,15.1440382628,23.1732953133,21.3510529517,22.8055606645,22.025981236,19.4793047371,12.8281288894,18.416703265,21.2291317234,17.7943165059,18.3624168395,11.8043632763,13.7069349045,10.9082189159,5.68475813919,8.14360227156,5.47437909491,9.46115644237,10.5779139439,13.501401144,17.5337733659,18.1417634715,25.6114101306
V,V,V,V,V,V,V,4.0,V,B,0.0172413793103,141,V,B,0.0172413793103,V,-0.4729,V,0.002198,VAL,141,0.91074575642,1.02053475325,VAL,4.0,0.702149714364,0.798917386135,V,11.5178266871,6.98786351453,8.41261477101,0.0,8.26371586878,7.6961525938,12.5980949119,13.9308914846,10.5432877407,13.0484658229,7.42614847179,5.25601069186,8.81620436621,5.64725667141,12.5811370011,9.56124339417,16.3130272663,16.0616332965,17.8334282715,13.020559016,15.0004612081,10.5864607949,14.0938808734,14.0631036896,7.2921861961,9.81431922119,12.3981683682,10.3276777339,5.13981699816,13.3475355701,13.2758809819,9.11556307773,8.68477440719,12.9016203062,9.72635431183,14.5196222801,12.8488950555,16.6850859119,15.1642233872,8.29029717827,13.0077957108,5.93778725445,10.189991193,10.9977468266,13.7891552502,15.1294174716,16.4630915737,13.7330001832,10.3073595433,17.4488800487,14.0963892096,17.0842302882,17.9400491644,16.5118068706,10.5281763021,17.6985976523,18.3820316065,14.1262926866,18.6447309116,10.7500244945,16.7708291823,16.4083250264,12.8361095523,10.3432020435,7.33822232469,5.39409194159,7.91593685256,5.44910877289,10.7605854749,10.4506630864,17.2871276679
K,K,K,K,K,K,K,5.0,K,B,0.279661016949,142,K,B,0.279661016949,K,-0.4383,K,0.003012,LYS,142,0.705893248575,0.94756466302,LYS,5.0,0.450930089166,0.715024439134,K,14.1992341252,12.5922546612,8.86977663816,8.26371586878,0.0,6.65235044305,7.99677664221,8.99699878003,7.01854465603,10.6037335413,4.84686272576,9.31200288338,11.7156782853,12.9890558896,17.9257032341,16.4459864431,22.8077737199,21.9075222836,24.9222265166,20.6690366574,22.6959900046,17.297243796,21.7244654992,22.1931207287,15.2245137837,16.8146249022,20.5240667302,18.2697051808,12.7424288723,20.4419689389,20.6706700757,14.5921811591,12.7124787082,18.3342174315,14.6591473659,20.1306365109,20.0440872917,22.5027209245,19.4258937962,14.8395953584,15.248889974,12.3532578727,11.400708465,12.974384396,13.7888329181,14.8559891729,19.1518682803,16.8489163156,15.0106100072,22.3626415753,20.7775984698,23.9784788888,23.0334065389,23.1346359541,16.9828440442,23.3243995094,24.1579938509,18.8694610369,22.1763333541,15.0433039873,19.20486665,18.73387108,14.0975494632,12.6894643148,6.11243304129,10.6031127852,5.39297012216,9.83286672094,11.3129917842,12.9492413771,21.0939845454
T,T,T,T,T,T,T,6.0,T,B,0.255813953488,143,T,B,0.255813953488,T,-0.4805,T,0.002021,THR,143,0.696830222181,0.874899869242,THR,6.0,0.50865772885,0.649449326586,T,17.3600768331,14.4644371489,13.0901770247,7.6961525938,6.65235044305,0.0,6.77278632212,6.62414328811,4.6892116682,10.2723367162,8.43465553807,8.07031132328,13.7410343044,12.4916493094,19.2708202766,17.2265497505,23.9445099373,23.6797944489,25.3326408237,20.3932113671,21.2494272905,16.2528627308,18.4772720308,20.552578013,14.278059416,13.5271234881,17.3535355423,17.0319818529,9.5774013296,15.726488539,17.3501343426,12.9081710979,8.63819952097,13.0710173278,8.8824302491,14.2622520044,15.4890824514,17.0806099615,13.2110256793,10.3537986478,11.9440192504,10.5308382905,10.9838387548,15.848744464,17.0893290393,16.7543901966,19.993273638,14.8575839225,15.0997992408,21.0962911291,17.7896396303,22.2477682661,23.0290977225,23.3265390414,17.8521152668,24.8694181241,24.6858887859,19.4412877038,24.8912001716,17.2206717865,23.1459580897,22.9558579786,18.5685606831,16.4356542962,10.9521234756,11.7069786526,8.31886086132,5.48836962392,7.76082967451,6.66884332178,15.4058772335
L,L,L,L,L,L,L,7.0,L,B,0.8407960199,144,L,B,0.626865671642,L,-0.3936,L,0.004064,LEU,144,0.598544146585,0.720109679135,LEU,7.0,0.321701955299,0.474021412434,L,21.7387874471,18.413088175,16.5671707178,12.5980949119,7.99677664221,6.77278632212,0.0,6.44698135653,8.69745314281,14.8465926832,12.3166372179,14.343592407,18.8798036989,18.1182402478,24.5934271516,21.8101788625,28.5273924974,27.1733188724,29.3500852986,25.0204616009,25.0029973681,19.0506441895,22.4510089722,25.2223636674,18.7071312786,17.2014025046,22.7830220587,22.6361143491,15.3289432243,21.4497772772,23.718776852,19.4698781193,15.3936051835,19.2704706653,14.4545931847,18.9739889913,20.237918854,20.4751487126,16.6375046338,15.0844152746,11.4082425187,13.8072537776,10.0955743854,16.3348755834,15.9348461331,14.3482380751,19.2404632308,14.4478094347,16.4312282157,21.7045596549,20.5215003819,24.8291201799,24.0051930599,26.1749935727,21.1778612274,27.4260962127,26.5924016849,20.5433817708,25.9059962048,19.163149795,24.6387286745,25.6514605922,21.6235263893,18.3297596014,12.6537228696,14.4755995266,7.96828083405,10.1877506101,7.07314578815,10.3094954356,17.0893846242
T,T,T,T,T,T,T,8.0,T,B,0.802325581395,145,T,B,0.802325581395,T,-0.4805,T,0.002021,THR,145,0.453257998078,0.59875154834,THR,8.0,0.293814866159,0.42190304708,T,21.6948018882,20.2136094095,17.0369787684,13.9308914846,8.99699878003,6.62414328811,6.44698135653,0.0,4.74551779574,10.220056218,11.5130565359,13.1821215609,18.0559915084,18.5161122398,24.498701294,23.3457227719,29.9643998843,29.6759403241,31.7442731918,26.8532610596,27.8437386244,22.6288164706,24.863768167,27.1602255932,20.8353907421,19.8889153362,23.7216282202,23.3342638491,16.0398217553,21.3714978939,23.0458724582,17.8798919088,13.228116506,17.6655750372,14.143332595,19.090382776,21.4776530328,22.1242239028,17.3025691634,16.5743572265,16.1926028613,16.9379055993,15.5271670006,20.7210832933,21.0499696624,20.3089681777,24.831150503,19.6636752394,20.8975495232,26.6634162356,23.9350036592,28.5789990989,28.8299689144,29.6959592676,24.0804263787,30.9179193285,30.7968828126,25.1952898116,30.201746599,22.8355414787,27.9694657065,27.5041373329,22.6209921214,21.3324705873,14.9794342123,17.6285518944,12.1248293688,11.9445047617,11.6550356913,11.1334854111,19.2530255834
G,G,G,G,G,G,G,9.0,G,B,0.307692307692,146,G,B,0.307692307692,G,-0.3899,G,0.004152,GLY,146,0.555097504087,0.635108407025,GLY,9.0,0.400570615203,0.480565935413,G,17.4857543782,16.6265949279,13.3385043566,10.5432877407,7.01854465603,4.6892116682,8.69745314281,4.74551779574,0.0,6.34239143936,7.68084465977,8.71685650882,13.5796741297,14.4056022804,20.0325249821,19.5246139795,25.9607725577,26.1959434481,28.233418399,23.2038663357,25.0175167349,20.3418127455,22.4767355577,23.8428208132,17.5964454122,17.7724778346,20.4286283239,19.3656412215,12.6819342062,18.4513162688,19.1980976414,13.3396583517,9.26660233857,14.6843639302,11.8440174924,17.3379969035,19.1092230826,20.9501164477,16.5907176533,14.28444911,16.5070072578,14.7239711412,15.1849280414,18.9446036049,20.1019493173,20.2882717907,24.0741684742,19.4658449515,19.1979294068,25.6433470103,22.2154161323,26.5190039114,27.2461755081,26.9598247078,20.9991516145,28.0269508491,28.5206684515,23.4435088992,27.9860965303,20.3166683924,25.2902066358,24.0748061043,19.0195988305,18.5971494427,12.4503765462,15.0142784115,11.0852955457,9.84188190388,12.1358434125,10.4428685051,19.341976813
K,K,K,K,K,K,K,10.0,K,B,0.851694915254,147,K,B,0.851694915254,K,-0.4383,K,0.003012,LYS,147,0.377117702513,0.609745032418,LYS,10.0,0.257322040589,0.460948591614,K,15.7635696165,17.5781567142,13.0786395631,13.0484658229,10.6037335413,10.2723367162,14.8465926832,10.220056218,6.34239143936,0.0,8.15718739193,8.9219202065,11.7004242502,14.7450024548,18.2997810403,20.0013720767,25.5926110679,26.8526664,29.0338448218,23.9861087659,27.2374044637,23.5442276577,25.3008981042,25.2502696118,19.5621682342,21.2787277225,21.8064358962,19.6130615192,14.8522561146,19.9851766184,19.0270486248,11.8220396387,9.68246182114,15.6568967746,14.9050309754,20.2530362698,21.8021829227,24.6925254816,20.6166183936,17.680687444,22.1428327474,18.423764922,20.358642286,22.1570236265,23.8907549493,25.0949470624,28.4820197382,24.6980999801,23.0294083931,30.01804749,25.9573963405,29.7534664993,30.9193607208,29.1646149478,22.8207463006,29.7246279087,31.2730970107,26.9773457824,30.3266669743,22.7392387419,26.575608404,23.7520873712,18.2700438434,20.293183052,14.685958345,17.9088408773,15.5331937754,14.1917692388,18.0271122905,15.3771453098,24.1873022356
T,T,T,T,T,T,T,11.0,T,B,0.389534883721,148,T,B,0.389534883721,T,-0.4805,T,0.002021,THR,148,0.665582293493,0.761702810494,THR,11.0,0.464860089079,0.586065971795,T,10.285948541,10.6766527718,5.74558346537,7.42614847179,4.84686272576,8.43465553807,12.3166372179,11.5130565359,7.68084465977,8.15718739193,0.0,6.29308970416,7.25492493088,10.2325822298,14.0226043814,14.1218592376,20.068926283,20.1412711883,23.1371704854,18.6815623177,21.9854699806,17.6041299805,21.455181314,20.7021114641,14.1225253994,17.1509046113,18.9611076509,15.7159630539,11.5956158328,19.1403870454,18.0854203948,10.9661542072,10.6346675501,16.834012566,14.4517956743,20.0233451213,19.6163582486,23.1200068405,20.3079822679,14.9205362871,18.170635494,13.04779262,14.5341753447,14.32493638,16.1813826124,18.1875771426,21.4351159884,19.5102148533,16.3274619862,24.0431757677,21.4552417864,24.2863849747,24.1384571079,22.6420070547,16.069595755,22.5794132765,24.3310212565,19.9353628983,22.4464332352,15.1130397378,18.6446619065,16.618289643,11.3872040909,12.2835388007,6.60758897564,10.8574425521,8.96305289703,10.8067886658,14.5423442889,14.4172859713,22.8321954838
I,I,I,I,I,I,I,12.0,I,B,0.152284263959,149,I,B,0.152284263959,I,-0.4754,I,0.002139,ILE,149,0.719943649927,0.778769886357,ILE,12.0,0.567303926532,0.620195359334,I,10.9015259151,9.83461256257,8.80889307789,5.25601069186,9.31200288338,8.07031132328,14.343592407,13.1821215609,8.71685650882,8.9219202065,6.29308970416,0.0,6.69382646191,6.05038355264,11.786270829,11.6469451221,17.7282589979,18.8598560106,20.4429166448,15.2497607005,18.3516461053,15.1280938347,16.9491302419,16.3859194341,10.7184054542,13.3045139817,13.4929063189,11.0292866679,6.55445743578,13.1689568587,11.9480867173,5.35193528627,5.09829055965,10.9322543707,9.58211547333,14.8052930745,14.371923838,18.4667889556,16.0516793123,10.4358948138,16.9272519776,10.6523486936,14.9337484559,15.809649401,18.5447343206,20.046448296,21.7187667078,18.4345334523,15.4959543924,22.3454497399,17.921006617,21.1716552443,22.8800451024,20.486304072,14.4037297126,21.5162671136,22.8611362262,19.1761310451,23.0494284778,15.2796747997,20.2532256953,18.2403124809,13.7375228858,14.0077158065,10.232664743,10.4093914474,11.6216561652,8.09784033131,14.0027592743,11.5274103751,19.3558552029
T,T,T,T,T,T,T,13.0,T,B,0.308139534884,150,T,B,0.308139534884,T,-0.4805,T,0.002021,THR,150,0.635730928653,0.790985845341,THR,13.0,0.471675539893,0.627334651733,T,4.53524317242,8.01425519376,5.23376043159,8.81620436621,11.7156782853,13.7410343044,18.8798036989,18.0559915084,13.5796741297,11.7004242502,7.25492493088,6.69382646191,0.0,6.8275084824,7.10374357663,9.79823957897,14.3910365442,15.931585464,18.6601238221,14.3852823034,19.4689319705,17.0495610527,20.178957631,17.2576590705,12.1567352083,17.3203196679,16.2908126139,11.3228456887,11.2992959998,17.7706899153,14.625279737,7.45768930772,11.195861842,16.479438657,15.9188864715,20.6692240019,18.995000951,23.9141208889,22.3369962879,15.7128962406,21.8052842289,14.165950497,18.3161230975,15.702319794,18.7761979843,21.7494358417,23.1464825134,22.2768536397,17.2804472448,24.813512866,21.403411987,23.0982813597,23.8995488353,20.1302766906,13.6855553124,19.6856736112,22.6582132744,20.0021545433,21.2310913821,14.4416072505,16.9342233917,13.1151818534,8.34969229342,11.8510850044,9.91957022576,11.5776902175,14.0516092881,13.7272884933,19.1716131231,17.941721724,25.3739800162
L,L,L,L,L,L,L,14.0,L,B,0.0398009950249,151,L,B,0.0398009950249,L,-0.3936,L,0.004064,LEU,151,0.814598906414,0.829193569017,LEU,14.0,0.65371905944,0.670892636974,L,9.1142216899,5.79658819962,9.12510258141,5.64725667141,12.9890558896,12.4916493094,18.1182402478,18.5161122398,14.4056022804,14.7450024548,10.2325822298,6.05038355264,6.8275084824,0.0,7.75884674325,5.88683846772,11.9623713317,13.3116059994,14.4413661992,9.24825381236,13.2168244242,11.268646429,13.3764081599,10.9796208317,5.91813558378,10.9733021889,9.68952278852,5.48461151796,5.62584556049,11.9345603493,9.56346879071,5.88145140311,9.09223510279,12.3470931278,11.458546432,15.2528843201,12.5438073267,17.8058183098,17.3093801292,9.9442381331,17.4136323651,8.94356229688,15.0524140513,13.7327284482,17.3051034249,19.4312593377,19.3468444796,17.5433414763,12.8004950811,19.3336180985,14.9400138769,16.8488284452,18.9392735721,15.1529312696,9.34140315034,16.2140915812,17.9853001049,15.5641354578,18.8926377177,11.6360138538,16.6553698971,14.919809367,11.9422499605,11.4366770701,10.8641202714,8.1681575132,13.2128399444,9.82187121366,15.892093649,14.2295976072,20.0779811762
E,E,E,E,E,E,E,15.0,E,B,0.569506726457,152,E,B,0.569506726457,E,0.9307,E,0.03522,GLU,152,0.521266652257,0.723747141105,GLU,15.0,0.378543133504,0.573945450205,E,5.8666131531,8.35211489572,10.342273065,12.5811370011,17.9257032341,19.2708202766,24.5934271516,24.498701294,20.0325249821,18.2997810403,14.0226043814,11.786270829,7.10374357663,7.75884674325,0.0,6.85432322994,8.25853719914,11.53767916,13.5119357366,10.1537326105,16.6229264487,16.5375454777,18.9520034356,13.8623765912,11.4863851837,17.8765974975,14.621926336,8.4317436844,13.2954311845,17.8778855078,13.3790316767,9.63017327429,15.1608982986,18.423991851,18.8508341126,22.2475655956,19.1045006396,24.8345421707,24.79627101,17.5133428607,24.7610111165,15.9521180857,21.512391196,17.2985738822,21.0306232613,24.4233139918,23.9498054095,24.2555964469,18.0991964449,24.6159709652,21.0435289267,21.2071575448,22.7300530307,17.002753239,11.8386761782,16.2649475222,20.1507294429,19.5578046158,19.5980771043,14.3279626803,15.8210489934,11.5123255135,9.64576655744,13.0008508621,14.5042634427,13.515139742,18.7726760709,17.4489867476,23.2573194449,21.8856115247,27.6836609854
V,V,V,V,V,V,V,16.0,V,B,0.114942528736,153,V,B,0.114942528736,V,-0.4729,V,0.002198,VAL,153,0.840000750602,0.794206071566,VAL,16.0,0.655669985901,0.628268918266,V,9.1779887732,4.29363294112,10.6669253122,9.56124339417,16.4459864431,17.2265497505,21.8101788625,23.3457227719,19.5246139795,20.0013720767,14.1218592376,11.6469451221,9.79823957897,5.88683846772,6.85432322994,0.0,6.77900049021,7.44156206711,9.13129371191,5.02377389035,10.5316144364,9.88916427907,13.5143674122,8.82082965019,5.56493884684,12.4168252007,11.0120209267,5.64672546094,10.1202211284,15.3719664078,12.6858693897,11.1494958217,14.93745424,17.3475747506,16.3100619812,19.1770078889,15.0128753588,20.4336752355,21.2740048525,13.4221248099,19.5281246142,10.5859171583,16.3513475068,12.1535511905,16.1219251598,19.0631595749,17.5738884522,18.2627397493,11.7375707946,17.8320105546,14.9264874886,14.6640877688,15.925528522,10.6498258044,5.13625823257,10.800071805,13.6842785889,12.8810962331,14.3264383543,8.56887687934,12.4364506846,11.2650279179,10.626141586,9.27274835886,12.2016622379,8.37599369286,15.3317657153,13.9163847525,18.9862916846,18.7139757997,23.1942860216
E,E,E,E,E,E,E,17.0,E,B,0.560538116592,154,E,B,0.560538116592,E,-0.4437,E,0.002885,GLU,154,0.529764902121,0.743976481016,GLU,17.0,0.378501986162,0.569615643755,E,12.201362446,10.3562753011,15.7082691887,16.3130272663,22.8077737199,23.9445099373,28.5273924974,29.9643998843,25.9607725577,25.5926110679,20.068926283,17.7282589979,14.3910365442,11.9623713317,8.25853719914,6.77900049021,0.0,5.3145389642,6.02637541449,6.16918845472,12.4386825211,14.5616106051,17.185963402,10.5596489551,11.4432683914,17.8001775436,14.5856824908,9.38754934405,16.3415891593,19.727312791,15.9831756638,15.8898660247,20.7205848894,22.3918742722,22.3195719261,24.3730386427,19.6575201254,25.2969582631,26.9902291217,19.3717470497,25.6648199433,16.8937862801,22.5196033003,16.9719179252,20.8267155835,24.2452926956,21.6782513292,23.8154590314,16.898463738,21.5547729492,19.1954774151,17.1093415566,18.4656238872,11.2929373382,9.22182843003,10.0947773482,14.5763582819,16.4878899017,15.2292127338,12.7944312961,13.514575584,11.5506681894,13.3761359444,13.6128425929,18.0516475295,14.6809359854,21.7253678752,20.5792168187,25.5810669877,25.2037275032,28.8627810259
P,P,P,P,P,P,P,18.0,P,B,0.440251572327,155,P,B,0.440251572327,P,5.129,P,0.134,PRO,155,0.663652941728,0.842621796245,PRO,18.0,0.450208782277,0.627275838665,P,13.432456663,9.61681676242,15.5059530815,16.0616332965,21.9075222836,23.6797944489,27.1733188724,29.6759403241,26.1959434481,26.8526664,20.1412711883,18.8598560106,15.931585464,13.3116059994,11.53767916,7.44156206711,5.3145389642,0.0,5.49651045739,7.29224770891,11.5443231657,12.4510602883,17.048047703,11.4154668884,11.1159941758,17.1366088022,16.2299154691,11.8112455008,17.0162842232,21.5107814274,18.96669957,18.451407002,22.3467147022,24.3706521413,23.111294912,25.328275813,20.3794300977,25.417752492,27.2680725943,19.4922360356,23.7468989931,15.6199504923,19.9910681292,13.3356329022,16.9090653147,20.4760680601,17.4999012237,21.2117559531,13.8577307435,18.3346868026,17.8790868568,15.0633654739,14.4961257898,8.03606724205,6.66407803032,5.20099166681,10.4312017122,12.5347247168,9.95371990251,9.10826503342,9.20505912904,9.78625166338,12.8187696949,10.7151698496,16.447103396,12.7700531769,19.7740596887,20.1749146165,24.0712390379,25.0527052073,28.3227371035
S,S,S,S,S,S,S,19.0,S,B,0.587096774194,156,S,B,0.587096774194,S,0.4502,S,0.02391,SER,156,0.55515482697,0.729120170835,SER,19.0,0.402613902123,0.557127240185,S,17.0480997276,12.6457021467,19.279314461,17.8334282715,24.9222265166,25.3326408237,29.3500852986,31.7442731918,28.233418399,29.0338448218,23.1371704854,20.4429166448,18.6601238221,14.4413661992,13.5119357366,9.13129371191,6.02637541449,5.49651045739,0.0,5.52542924342,8.41786183921,12.1597329095,14.406425885,8.11754915592,11.2627156075,16.154445907,13.8365475747,10.8989900541,17.1787479499,19.5600106133,17.2113121171,19.0808843464,22.8723109702,23.4162051702,22.7813328295,23.7862154711,18.3606194889,23.3871707303,26.186375423,18.9433020734,24.1775231807,16.3019529797,21.7012325062,16.729860112,20.3579195145,23.0560832285,19.0078650511,21.5999939979,15.1221263619,17.6445975455,16.0568387581,12.5370158343,14.2602415461,6.55523791898,8.43726809562,6.87258262111,9.95260999005,13.5701065666,13.2858631165,12.3991499206,14.3780782091,15.1222940704,17.5165547501,15.1092496835,20.1131829961,15.1004584389,22.6307279184,21.0216289431,25.1730105463,25.3407293626,27.1939343004
D,D,D,D,D,D,D,20.0,D,B,0.129533678756,157,D,B,0.129533678756,D,-0.4557,D,0.002603,ASP,157,0.733250289971,0.843408883162,ASP,20.0,0.582035284149,0.681800268992,D,13.900374681,8.97944682514,15.6584208073,13.020559016,20.6690366574,20.3932113671,25.0204616009,26.8532610596,23.2038663357,23.9861087659,18.6815623177,15.2497607005,14.3852823034,9.24825381236,10.1537326105,5.02377389035,6.16918845472,7.29224770891,5.52542924342,0.0,6.80305677876,9.3196588226,11.0221878594,4.68939477544,6.46749610177,11.9639454633,9.09498479545,5.50146854257,11.8387699371,14.5753014338,12.1571406938,13.7986389226,17.3776402058,18.0205076995,17.4883375596,18.8859157123,13.8114127947,19.2794354323,21.4128688285,13.9975161516,20.5221916902,12.0628013804,18.4043513235,14.8907494714,18.7879789604,21.1540875262,18.1454404153,18.7687686275,12.7072074243,16.6181779231,13.1869353144,11.7337080419,14.5910875011,8.01590816292,6.11721164081,9.67188041703,11.7479734588,12.8246525228,14.951254255,10.8470865045,14.9552242162,14.8266012925,15.353561734,13.1589431144,16.6527562626,11.4621798785,18.922528417,16.1244262317,20.9788466178,20.3601551857,23.0081386841
T,T,T,T,T,T,T,21.0,T,B,0.197674418605,158,T,B,0.197674418605,T,0.4773,T,0.02455,THR,158,0.693333083741,0.934365429138,THR,21.0,0.54554788741,0.768131652681,T,19.6641760167,13.0884927163,19.9916720171,15.0004612081,22.6959900046,21.2494272905,25.0029973681,27.8437386244,25.0175167349,27.2374044637,21.9854699806,18.3516461053,19.4689319705,13.2168244242,16.6229264487,10.5316144364,12.4386825211,11.5443231657,8.41786183921,6.80305677876,0.0,6.4775658373,6.41516823123,4.02195622298,7.88955122327,9.11514894736,8.75933508704,9.84653473256,12.9234517065,13.9821112274,14.2120754938,17.7512258748,19.4775838504,18.6289566399,17.2051109614,17.064389452,11.3910316819,15.5304362678,19.0524475649,12.7845063057,17.5631815748,11.2155834176,16.9110737294,15.4866728243,18.7615312825,19.709655648,15.3027365066,15.1723304043,10.8760116276,11.3884569393,7.90531798999,5.20976036021,10.3725632365,5.99027202138,8.27564411603,10.603980883,8.92024854422,10.2979331731,15.3520233508,12.1626408678,17.8824160372,19.8704942991,20.5162720895,16.0764061439,19.2514974037,12.6887862001,19.7174607652,16.0449031448,19.4528974574,19.3913500603,19.4053966032
I,I,I,I,I,I,I,22.0,I,B,0.0,159,I,B,0.0,I,0.5495,I,0.02625,ILE,159,0.903679317998,1.01651053278,ILE,22.0,0.691549713874,0.829885965118,I,17.6804615336,10.1421921173,16.2761708386,10.5864607949,17.297243796,16.2528627308,19.0506441895,22.6288164706,20.3418127455,23.5442276577,17.6041299805,15.1280938347,17.0495610527,11.268646429,16.5375454777,9.88916427907,14.5616106051,12.4510602883,12.1597329095,9.3196588226,6.4775658373,0.0,7.68766466984,8.51510842942,5.53094851861,5.94661710321,10.4715525875,10.8230252762,10.0566719105,14.2026844669,15.396272805,16.4433465606,16.8967912566,17.4929390818,14.3659420397,15.708510473,11.0468010627,14.3893639423,16.4900451741,9.69341745024,12.0706483362,5.73273277011,10.4811050466,10.0766775541,13.038096301,13.5529149763,10.2478926465,9.58059260524,4.62958825216,8.22491065276,6.27258222305,6.7917759777,8.25496202559,7.82451525106,6.31305438882,11.1915922573,9.13354968264,6.03017927707,13.2798676239,8.04856116348,15.3835438343,18.1058352422,17.7960991285,11.9915588125,14.1244229931,7.36684725871,13.6503364184,11.2738986747,13.6880780123,15.1049949987,16.4092382049
E,E,E,E,E,E,E,23.0,E,B,0.313901345291,160,E,B,0.313901345291,E,2.271,E,0.06674,GLU,160,0.662488479373,0.888243878997,GLU,23.0,0.532819084102,0.741316644953,E,21.7455451274,15.2444241239,21.1573325985,14.0938808734,21.7244654992,18.4772720308,22.4510089722,24.863768167,22.4767355577,25.3008981042,21.455181314,16.9491302419,20.178957631,13.3764081599,18.9520034356,13.5143674122,17.185963402,17.048047703,14.406425885,11.0221878594,6.41516823123,7.68766466984,0.0,7.01424802301,8.80640358485,5.26674053622,6.18671839881,10.8242340023,10.4932673257,9.25056600975,11.9462428847,16.5700579999,16.5139616292,14.201408508,12.6277426175,11.1801062158,5.61797635221,9.16777632079,13.130231232,8.47237762445,14.1891522169,9.75983087443,15.651825367,17.5835925916,20.4596666472,20.1937105895,16.8071449331,13.0981285844,11.8692479432,11.7042057391,4.37770485554,7.14268408831,13.4477121329,11.9456715831,12.1786741353,16.5036277638,14.0963937473,13.117914072,20.2303639469,15.3824094151,22.361613084,23.9975950886,23.2620874706,18.8622762583,19.9687115987,13.5309587238,19.0915575976,13.0331654994,16.2579439245,14.9164386904,13.5813684169
N,N,N,N,N,N,N,24.0,N,B,0.369230769231,161,N,B,0.369230769231,N,-0.477,N,0.002103,ASN,161,0.669878864732,0.853397067236,ASN,24.0,0.539760116813,0.717256776312,N,17.7092141821,12.1442648187,18.7606888051,14.0631036896,22.1931207287,20.552578013,25.2223636674,27.1602255932,23.8428208132,25.2502696118,20.7021114641,16.3859194341,17.2576590705,10.9796208317,13.8623765912,8.82082965019,10.5596489551,11.4154668884,8.11754915592,4.68939477544,4.02195622298,8.51510842942,7.01424802301,0.0,7.03325182568,9.6341591496,6.04613638841,6.52287489552,11.3685636769,11.7829668334,10.7599695829,14.7999848666,17.2613108648,16.3003620697,15.8992309788,15.9590360263,10.4429677185,15.6424533326,18.6604035164,12.1383239551,19.0399198759,11.6584639722,18.3555850791,16.8752402715,20.5093406689,21.8718512959,18.3118599254,17.4257860102,12.9232084913,14.9435705219,10.0451167279,9.02919987191,14.0830040383,8.66522522466,8.75190431241,12.2569663638,12.2014335017,13.2149881773,17.4821005178,13.3078269883,18.6900434653,19.2933549811,19.4154282636,16.3673789801,19.0329432076,12.9864085701,20.119607099,15.6118712783,20.1829559906,18.9868650963,20.0155455466
V,V,V,V,V,V,V,25.0,V,B,0.0,162,V,B,0.0,V,-0.4729,V,0.002198,VAL,162,0.925225623778,0.979267443347,VAL,25.0,0.742667930531,0.818833813017,V,13.1927800309,6.45342690179,12.6222436334,7.2921861961,15.2245137837,14.278059416,18.7071312786,20.8353907421,17.5964454122,19.5621682342,14.1225253994,10.7184054542,12.1567352083,5.91813558378,11.4863851837,5.56493884684,11.4432683914,11.1159941758,11.2627156075,6.46749610177,7.88955122327,5.53094851861,8.80640358485,7.03325182568,0.0,6.86330439378,7.73418322636,5.83420310504,6.36397602316,11.6389884258,11.131866551,11.200240414,12.8354107645,14.1939836678,12.1407883009,14.5180730017,10.1898717058,15.1585058586,16.2374576146,8.39034300405,14.5201747348,5.73279014988,12.5131231186,11.269848492,14.9276329523,16.4861396322,14.7625260426,13.4600718057,8.24070108055,13.7321057338,9.7608548705,11.0087831318,13.3194796501,10.040232339,5.39567986747,12.3010062321,12.6906063659,10.4471320787,15.3051920703,8.57992548391,15.1695123738,15.7413788675,14.4719671822,10.8032533748,12.1821106851,6.24810938366,13.2076213919,9.77448318764,14.5596114749,14.2233869162,17.752493492
K,K,K,K,K,K,K,26.0,K,B,0.0550847457627,163,K,B,0.0550847457627,K,-0.4383,K,0.003012,LYS,163,0.851003610509,0.977164389043,LYS,26.0,0.68508774709,0.82892916056,K,19.3449950951,12.6466738628,17.59448336,9.81431922119,16.8146249022,13.5271234881,17.2014025046,19.8889153362,17.7724778346,21.2787277225,17.1509046113,13.3045139817,17.3203196679,10.9733021889,17.8765974975,12.4168252007,17.8001775436,17.1366088022,16.154445907,11.9639454633,9.11514894736,5.94661710321,5.26674053622,9.6341591496,6.86330439378,0.0,7.81452618731,10.7881657099,7.00198414719,9.34871337164,12.3650933993,14.442985044,13.2993966725,12.5329082106,9.22372922416,9.82217551624,5.74271809463,8.84712708666,10.6674484513,4.442342588,9.74391540321,4.98674989398,10.8480269811,14.1290695124,16.7228538364,16.1973760246,14.2928732088,9.37646180357,8.65243976614,10.95675701,4.71194619174,9.43013674107,13.2199143556,13.0600867926,10.9748354352,16.8005757948,14.7406094215,11.492276391,19.1277803428,12.9404387666,20.4929971851,22.1503027741,20.5570329234,15.828893352,15.671407631,9.65716896515,14.1102150638,8.03920839316,11.1620966124,10.4469754052,11.2287367923
A,A,A,A,A,A,A,27.0,A,B,0.271317829457,164,A,B,0.271317829457,A,1.599,A,0.05094,ALA,164,0.635290266696,0.833984801115,ALA,27.0,0.521598502043,0.715026867645,A,18.23844064,13.3910619379,18.6455809825,12.3981683682,20.5240667302,17.3535355423,22.7830220587,23.7216282202,20.4286283239,21.8064358962,18.9611076509,13.4929063189,16.2908126139,9.68952278852,14.621926336,11.0120209267,14.5856824908,16.2299154691,13.8365475747,9.09498479545,8.75933508704,10.4715525875,6.18671839881,6.04613638841,7.73418322636,7.81452618731,0.0,6.26989081118,7.96626029399,5.77158505751,5.91352869296,11.5194600019,12.7434886794,10.4820761064,10.9206264319,10.5171510965,5.70823272762,11.5875588219,13.8334946972,8.25930481081,17.3157181343,10.7487118549,17.8908771474,18.81791269,22.2562032124,22.9511281096,20.6281792082,17.145713805,14.503795011,17.0035254315,10.0197081845,12.2085430764,17.7792853264,14.0339735419,12.2227266265,17.5866310277,17.1839978997,16.3685734442,21.9757397074,16.1416094976,22.4125588587,22.2685459218,20.8533990945,18.4439864522,19.0109796266,13.5715970542,19.3456607723,12.6047847464,17.8565853456,14.8869058037,16.2546212569
K,K,K,K,K,K,K,28.0,K,B,0.28813559322,165,K,B,0.28813559322,K,-0.4383,K,0.003012,LYS,165,0.689798256235,0.844332679381,LYS,28.0,0.557708162091,0.720038474176,K,12.4421444873,8.73309442461,13.9747216338,10.3276777339,18.2697051808,17.0319818529,22.6361143491,23.3342638491,19.3656412215,19.6130615192,15.7159630539,11.0292866679,11.3228456887,5.48461151796,8.4317436844,5.64672546094,9.38754934405,11.8112455008,10.8989900541,5.50146854257,9.84653473256,10.8230252762,10.8242340023,6.52287489552,5.83420310504,10.7881657099,6.26989081118,0.0,8.02098031636,10.5408561215,7.22422784711,8.64252515824,12.4048207021,13.0697663971,13.3746415008,15.2508469335,11.1703218411,17.0742685243,18.1699224601,11.0280064905,19.4829291325,10.9547193998,18.0027334617,16.3329256089,20.1791888554,22.1727325555,20.4373859475,18.9508363012,14.0395007136,18.8219421421,13.6318483432,14.4523265427,18.0917982359,12.8381426871,9.05661854115,14.7068146245,16.3372957293,15.7211874213,19.0834671045,13.1176249872,18.0123059906,16.6508836616,15.2781053563,14.3428640619,15.6285798943,11.2470219139,17.6923011681,13.2034689137,19.0974942092,17.0164861151,20.7786429975
I,I,I,I,I,I,I,29.0,I,B,0.0,166,I,B,0.0,I,-0.4754,I,0.002139,ILE,166,0.86417734543,0.914543990254,ILE,29.0,0.710399056217,0.780569034193,I,14.344549977,9.69845560512,12.7539272557,5.13981699816,12.7424288723,9.5774013296,15.3289432243,16.0398217553,12.6819342062,14.8522561146,11.5956158328,6.55445743578,11.2992959998,5.62584556049,13.2954311845,10.1202211284,16.3415891593,17.0162842232,17.1787479499,11.8387699371,12.9234517065,10.0566719105,10.4932673257,11.3685636769,6.36397602316,7.00198414719,7.96626029399,8.02098031636,0.0,8.212577555,8.90866683911,7.76279332706,6.88019358588,8.62283368757,6.21561145964,10.054426256,8.13490835434,12.6343046223,11.7191114671,4.49679732671,13.0685425669,6.13055506805,12.5107799033,14.597532295,17.607758208,18.2695820954,18.2737255977,14.0684794685,11.7276409753,17.0969509492,11.6262470921,15.3128249853,18.252646968,16.234699388,11.4781072981,18.6117650491,18.6474261376,15.2733701086,20.9489975264,13.4166721147,20.0380026669,19.656875505,16.6370345974,14.2856477777,12.4432961943,8.63189095648,12.3087321603,5.45731429147,11.7875469044,9.09650581227,14.532712766
Q,Q,Q,Q,Q,Q,Q,30.0,Q,B,0.337777777778,167,Q,B,0.337777777778,Q,-0.4569,Q,0.002575,GLN,167,0.583043046543,0.853436646595,GLN,30.0,0.48412030559,0.742574797411,Q,20.8314379113,16.7552817363,20.4705531355,13.3475355701,20.4419689389,15.726488539,21.4497772772,21.3714978939,18.4513162688,19.9851766184,19.1403870454,13.1689568587,17.7706899153,11.9345603493,17.8778855078,15.3719664078,19.727312791,21.5107814274,19.5600106133,14.5753014338,13.9821112274,14.2026844669,9.25056600975,11.7829668334,11.6389884258,9.34871337164,5.77158505751,10.5408561215,8.212577555,0.0,5.88549466132,11.4248329169,10.3032931876,5.63697093958,7.41081968606,5.72998979013,4.47666071507,8.97653810933,9.7647207241,7.25904761296,16.8583636385,12.4198188001,18.7873458851,21.8457246527,24.8681375134,24.8453775899,23.5622131163,18.1023403689,17.4614255837,19.8607384192,12.2912250039,16.2870632551,21.8092860664,19.3229997839,16.8559181561,22.9086094852,22.1244631407,20.2110284127,26.6452521474,20.0397895163,26.7449623238,26.3067354786,23.8577763045,21.8036748181,20.6527859495,16.155225315,20.0658135684,11.7372543112,16.8409536072,12.0544688884,13.3907180004
D,D,D,D,D,D,D,31.0,D,B,0.709844559585,168,D,B,0.709844559585,D,-0.4557,D,0.002603,ASP,168,0.476524488863,0.67589226259,ASP,31.0,0.381315228811,0.57713005855,D,17.2884413589,14.8426350851,18.3651240435,13.2758809819,20.6706700757,17.3501343426,23.718776852,23.0458724582,19.1980976414,19.0270486248,18.0854203948,11.9480867173,14.625279737,9.56346879071,13.3790316767,12.6858693897,15.9831756638,18.96669957,17.2113121171,12.1571406938,14.2120754938,15.396272805,11.9462428847,10.7599695829,11.131866551,12.3650933993,5.91352869296,7.22422784711,8.90866683911,5.88549466132,0.0,8.11139594665,10.2050219619,7.87461467214,10.8877562364,11.3567012055,9.25417809005,14.6884375522,15.206887154,10.7114322898,20.7626088907,14.1021937895,21.1238529262,21.9965930627,25.5163485103,26.6038033553,25.327393225,21.4909850396,18.7944204786,22.5171076051,15.5409042043,18.063802324,23.1784228599,18.8645173841,15.7558844893,21.5716391609,22.258005784,21.1793448353,25.9243810145,19.4797641144,25.0067356791,23.3169057949,20.9698442557,20.5569096799,20.0414280739,16.208794585,21.0327208631,13.9872352581,20.1387591811,15.7856939314,18.9512996114
K,K,K,K,K,K,K,32.0,K,B,0.521186440678,169,K,B,0.521186440678,K,-0.4383,K,0.003012,LYS,169,0.557626119522,0.685882319419,LYS,32.0,0.439992250511,0.578123672893,K,11.2446752871,11.2738536689,11.7707898845,9.11556307773,14.5921811591,12.9081710979,19.4698781193,17.8798919088,13.3396583517,11.8220396387,10.9661542072,5.35193528627,7.45768930772,5.88145140311,9.63017327429,11.1494958217,15.8898660247,18.451407002,19.0808843464,13.7986389226,17.7512258748,16.4433465606,16.5700579999,14.7999848666,11.200240414,14.442985044,11.5194600019,8.64252515824,7.76279332706,11.4248329169,8.11139594665,0.0,6.01811926571,9.66205768183,10.9307218146,14.8166870247,13.9019594867,18.8933183596,17.3318978019,11.8135132254,20.4411088181,13.2738297271,19.0669675085,19.1131048168,22.3938597201,24.1863004,24.7286729028,21.6137588136,18.1248497245,24.2677035618,18.7787349685,21.5068849268,24.463483676,20.5886068642,15.152118864,21.8256992607,23.6271542934,21.2213702365,24.7194986224,17.4328133643,21.9917315477,19.1443943303,15.2842985504,16.6428360806,14.5302092545,13.4360425173,16.561671063,11.7587996258,18.2236997109,14.6364813159,21.2063715878
E,E,E,E,E,E,E,33.0,E,B,0.484304932735,170,E,B,0.484304932735,E,-0.4437,E,0.002885,GLU,170,0.580997005321,0.675139115995,GLU,33.0,0.462028380359,0.567501825947,E,15.5177656255,14.0583974004,13.9040588167,8.68477440719,12.7124787082,8.63819952097,15.3936051835,13.228116506,9.26660233857,9.68246182114,10.6346675501,5.09829055965,11.195861842,9.09223510279,15.1608982986,14.93745424,20.7205848894,22.3467147022,22.8723109702,17.3776402058,19.4775838504,16.8967912566,16.5139616292,17.2613108648,12.8354107645,13.2993966725,12.7434886794,12.4048207021,6.88019358588,10.3032931876,10.2050219619,6.01811926571,0.0,6.44603414454,6.41547118601,11.2720854264,12.4605671306,15.9150379397,12.838025695,9.34358418815,17.0632007199,12.2933376331,16.9151088372,19.6716111094,22.2843136385,22.9344568624,24.2856659039,19.3529441445,17.9796938056,23.6164326403,17.9410004912,22.0688719315,25.0224783895,22.856523502,17.5718510991,24.7666954223,25.3892655978,21.8124525701,26.8703834002,19.0775675768,24.7893434456,23.0179152678,18.729463931,18.5873713671,14.8281189909,13.9208567848,14.8655243654,8.44170092157,14.3347172589,9.60388844757,16.9729520701
G,G,G,G,G,G,G,34.0,G,B,0.528846153846,171,G,B,0.528846153846,G,-0.3899,G,0.004152,GLY,171,0.492722252288,0.626467354342,GLY,34.0,0.397451854253,0.530715052579,G,20.3801830668,17.7384384105,19.479212705,12.9016203062,18.3342174315,13.0710173278,19.2704706653,17.6655750372,14.6843639302,15.6568967746,16.834012566,10.9322543707,16.479438657,12.3470931278,18.423991851,17.3475747506,22.3918742722,24.3706521413,23.4162051702,18.0205076995,18.6289566399,17.4929390818,14.201408508,16.3003620697,14.1939836678,12.5329082106,10.4820761064,13.0697663971,8.62283368757,5.63697093958,7.87461467214,9.66205768183,6.44603414454,0.0,5.4492937211,6.56298748996,9.00047697694,11.8771324293,9.61097543417,8.69157217806,17.6805690673,13.9763854485,19.4066014038,23.1231978458,25.8730453413,25.8596156086,25.988634924,19.9872924118,19.7486984046,23.4381932702,16.4200341492,20.939495501,25.5242632978,23.3489463984,19.5424962415,26.3182371009,26.0590291607,23.2134162145,29.3607623158,21.9977538191,28.4436492662,27.2526876043,23.7451963086,22.7111769584,19.9994749172,17.2058107906,19.3162002984,10.9788474652,16.2744958573,10.2872188447,14.3288726806
I,I,I,I,I,I,I,35.0,I,B,0.162436548223,172,I,B,0.162436548223,I,-0.4754,I,0.002139,ILE,172,0.694027946624,0.717842420683,ILE,35.0,0.568022650023,0.605838609096,I,19.6849265684,15.7192927362,17.4802763692,9.72635431183,14.6591473659,8.8824302491,14.4545931847,14.143332595,11.8440174924,14.9050309754,14.4517956743,9.58211547333,15.9188864715,11.458546432,18.8508341126,16.3100619812,22.3195719261,23.111294912,22.7813328295,17.4883375596,17.2051109614,14.3659420397,12.6277426175,15.8992309788,12.1407883009,9.22372922416,10.9206264319,13.3746415008,6.21561145964,7.41081968606,10.8877562364,10.9307218146,6.41547118601,5.4492937211,0.0,5.69011809797,7.89518917286,9.81675048007,6.5934329164,4.80461549442,12.40043961,9.91956169074,14.3057063136,19.2180755824,21.4972488241,20.9304219985,21.5603566196,15.0504936018,15.7236896157,19.5688666068,13.4294827362,18.5385753664,22.0987993844,21.3340910044,17.3224870985,24.2946494024,23.4335498241,19.5848498747,26.3481312488,18.8646176787,25.826600818,25.6274397529,22.1307227837,19.7581960649,16.5976133463,13.6820225673,14.8043932002,6.09333504641,10.8396162814,5.08618824151,10.6221330686
P,P,P,P,P,P,P,36.0,P,B,0.264150943396,173,P,B,0.264150943396,P,-0.4096,P,0.003688,PRO,173,0.569868147475,0.686037865794,PRO,36.0,0.467791997242,0.578147484181,P,24.1383599636,19.5539867677,22.5292237575,14.5196222801,20.1306365109,14.2622520044,18.9739889913,19.090382776,17.3379969035,20.2530362698,20.0233451213,14.8052930745,20.6692240019,15.2528843201,22.2475655956,19.1770078889,24.3730386427,25.328275813,23.7862154711,18.8859157123,17.064389452,15.708510473,11.1801062158,15.9590360263,14.5180730017,9.82217551624,10.5171510965,15.2508469335,10.054426256,5.72998979013,11.3567012055,14.8166870247,11.2720854264,6.56298748996,5.69011809797,0.0,5.7324001902,5.53698334599,4.25285474433,6.93736711613,13.9740711865,12.874969483,17.4834961733,22.7631391141,25.0758570645,23.9924616677,23.4134354957,16.2923873258,18.028622336,19.6374804533,12.5199264432,17.8212516308,22.7833856911,22.1880587548,19.7297411622,25.9985225108,24.2971324078,21.2722156101,28.7615736907,21.9612243206,29.2609331955,29.5377153665,26.686856854,23.7736851919,21.5688198446,17.4551714318,19.5261701749,10.7660651184,14.070272614,8.7069349768,8.40891823957
P,P,P,P,P,P,P,37.0,P,B,0.125786163522,174,P,B,0.125786163522,P,-0.4096,P,0.003688,PRO,174,0.679727037949,0.800820807935,PRO,37.0,0.563929442144,0.673862238981,P,21.6343758484,16.1464219524,20.6640654225,12.8488950555,20.0440872917,15.4890824514,20.237918854,21.4776530328,19.1092230826,21.8021829227,19.6163582486,14.371923838,18.995000951,12.5438073267,19.1045006396,15.0128753588,19.6575201254,20.3794300977,18.3606194889,13.8114127947,11.3910316819,11.0468010627,5.61797635221,10.4429677185,10.1898717058,5.74271809463,5.70823272762,11.1703218411,8.13490835434,4.47666071507,9.25417809005,13.9019594867,12.4605671306,9.00047697694,7.89518917286,5.7324001902,0.0,5.9767293568,8.52493150752,5.32606149906,13.5584166592,9.97145721598,15.9504287586,19.5361907542,22.2999892008,21.7762573192,19.9386307254,14.2826622713,14.3441163846,15.6605991632,8.00214533994,12.5659568872,18.0950545345,16.7471958617,15.0802273967,20.7890616681,19.055761719,16.8995197932,24.1329464566,17.947477661,25.1563199375,25.8316473211,23.8845650156,20.4480494619,19.7967754421,14.4114374501,18.5168805269,10.566382559,14.5541251563,11.1060001597,10.6660670726
D,D,D,D,D,D,D,38.0,D,B,0.585492227979,175,D,B,0.585492227979,D,-0.4557,D,0.002603,ASP,175,0.488170540552,0.656908578222,ASP,38.0,0.379469465149,0.530190507575,D,26.8053708253,20.9765573053,25.014985595,16.6850859119,22.5027209245,17.0806099615,20.4751487126,22.1242239028,20.9501164477,24.6925254816,23.1200068405,18.4667889556,23.9141208889,17.8058183098,24.8345421707,20.4336752355,25.2969582631,25.417752492,23.3871707303,19.2794354323,15.5304362678,14.3893639423,9.16777632079,15.6424533326,15.1585058586,8.84712708666,11.5875588219,17.0742685243,12.6343046223,8.97653810933,14.6884375522,18.8933183596,15.9150379397,11.8771324293,9.81675048007,5.53698334599,5.9767293568,0.0,5.71682158916,8.43109129188,12.3397639684,13.0279791335,16.8261787188,22.4904014388,24.4877867991,22.7496707546,21.1332916375,13.8380085549,16.809268169,16.1443863182,9.39468717079,14.787518144,19.9787967965,20.6364711711,19.6613050142,25.0014071536,22.1545705459,19.4020837174,27.5982007496,21.7481550967,29.3366988955,30.7650145392,28.6954845723,24.4786166558,23.195193563,18.0628510775,20.5752155811,12.704905668,14.2262999978,10.9994560302,5.92492190646
Q,Q,Q,Q,Q,Q,Q,39.0,Q,B,0.337777777778,176,Q,B,0.337777777778,Q,-0.4569,Q,0.002575,GLN,176,0.535385608763,0.726918090803,GLN,39.0,0.422278488841,0.59007227354,Q,25.8688376348,20.9230249109,23.3905235919,15.1642233872,19.4258937962,13.2110256793,16.6375046338,17.3025691634,16.5907176533,20.6166183936,20.3079822679,16.0516793123,22.3369962879,17.3093801292,24.79627101,21.2740048525,26.9902291217,27.2680725943,26.186375423,21.4128688285,19.0524475649,16.4900451741,13.130231232,18.6604035164,16.2374576146,10.6674484513,13.8334946972,18.1699224601,11.7191114671,9.7647207241,15.206887154,17.3318978019,12.838025695,9.61097543417,6.5934329164,4.25285474433,8.52493150752,5.71682158916,0.0,7.91685268161,11.4234738091,13.0760871924,15.9069339181,22.5797232798,24.2792614718,22.4576381116,22.5213163755,14.5228456669,17.8834031902,19.1177753462,13.0617728838,18.8422591438,22.913575549,23.6710940074,21.1420548476,27.42940624,25.2208908717,21.3821247783,29.3375893364,22.5607768487,30.0729006554,30.9220643014,27.9061256875,24.341960014,21.5383880582,17.8415319059,18.4845646502,10.3049205517,11.5934904909,6.67887340545,4.92763943691
Q,Q,Q,Q,Q,Q,Q,40.0,Q,B,0.0266666666667,177,Q,B,0.0266666666667,Q,-0.4569,Q,0.002575,GLN,177,0.850913700782,0.89721518279,GLN,40.0,0.700581748225,0.726693626386,Q,18.6540837375,13.1424878478,16.5980037582,8.29029717827,14.8395953584,10.3537986478,15.0844152746,16.5743572265,14.28444911,17.680687444,14.9205362871,10.4358948138,15.7128962406,9.9442381331,17.5133428607,13.4221248099,19.3717470497,19.4922360356,18.9433020734,13.9975161516,12.7845063057,9.69341745024,8.47237762445,12.1383239551,8.39034300405,4.442342588,8.25930481081,11.0280064905,4.49679732671,7.25904761296,10.7114322898,11.8135132254,9.34358418815,8.69157217806,4.80461549442,6.93736711613,5.32606149906,8.43109129188,7.91685268161,0.0,10.0900111334,6.00222868574,11.582919911,15.8667327731,18.3651709578,17.8612374015,17.4310384317,11.5130401677,11.5061739607,15.0042704383,8.86950919024,13.8169797017,17.3717153972,16.8059957081,13.4055580827,20.0552365179,18.7529488216,15.0810005081,22.2123238804,15.1391094967,22.4814295769,23.1433747936,20.5082460577,16.9237441593,15.131600531,10.5351567258,13.4192866337,5.2447135784,9.89514014047,6.90333543216,10.1708079679
R,R,R,R,R,R,R,41.0,R,B,0.394160583942,178,R,B,0.266423357664,R,0.8194,R,0.0326,ARG,178,0.735177757922,0.932185929207,ARG,41.0,0.440941278238,0.700204260642,R,24.1027275554,17.7084705189,20.2404992895,13.0077957108,15.248889974,11.9440192504,11.4082425187,16.1926028613,16.5070072578,22.1428327474,18.170635494,16.9272519776,21.8052842289,17.4136323651,24.7610111165,19.5281246142,25.6648199433,23.7468989931,24.1775231807,20.5221916902,17.5631815748,12.0706483362,14.1891522169,19.0399198759,14.5201747348,9.74391540321,17.3157181343,19.4829291325,13.0685425669,16.8583636385,20.7626088907,20.4411088181,17.0632007199,17.6805690673,12.40043961,13.9740711865,13.5584166592,12.3397639684,11.4234738091,10.0900111334,0.0,8.98039238534,6.20702571492,14.5872861717,14.8601446447,11.7600901224,12.7645453655,4.47686797133,10.4854182866,11.9169132134,10.9662544806,15.6336881023,15.8486662206,19.5471603398,17.1247422972,22.4375724542,19.5124360144,13.9547958072,21.9688065887,16.246575776,23.5322069881,26.3427675036,24.1198955096,18.3315985444,16.0974586693,12.5769736449,11.5305271818,8.94857834551,4.58903907698,8.96046629603,9.27609444959
L,L,L,L,L,L,L,42.0,L,B,0.0,179,L,B,0.0,L,-0.3936,L,0.004064,LEU,179,0.957431757698,1.06661430253,LEU,42.0,0.733840490372,0.800864392519,L,16.0151604197,9.21544408318,13.3581426226,5.93778725445,12.3532578727,10.5308382905,13.8072537776,16.9379055993,14.7239711412,18.423764922,13.04779262,10.6523486936,14.165950497,8.94356229688,15.9521180857,10.5859171583,16.8937862801,15.6199504923,16.3019529797,12.0628013804,11.2155834176,5.73273277011,9.75983087443,11.6584639722,5.73279014988,4.98674989398,10.7487118549,10.9547193998,6.13055506805,12.4198188001,14.1021937895,13.2738297271,12.2933376331,13.9763854485,9.91956169074,12.874969483,9.97145721598,13.0279791335,13.0760871924,6.00222868574,8.98039238534,0.0,7.28664739768,9.90239093983,12.5186194504,12.6142145364,12.2153966103,8.60737727694,5.89804941833,11.7424097772,8.56130623904,11.9161672075,13.07010924,13.1646143729,9.01804395893,15.6115793017,14.5091518774,9.89062264215,16.6788339786,9.51168744709,17.034747582,18.6524122714,16.5980743085,11.586883629,10.7849588305,5.08678243927,9.34222636304,5.64131297378,8.94105236074,9.99165139197,13.7886973584
I,I,I,I,I,I,I,43.0,I,B,0.223350253807,180,I,B,0.0,I,-0.4754,I,0.002139,ILE,180,0.929751283913,1.13573917523,ILE,43.0,0.502998263323,0.760525270288,I,19.8568607248,13.6147248716,15.6119378093,10.189991193,11.400708465,10.9838387548,10.0955743854,15.5271670006,15.1849280414,20.358642286,14.5341753447,14.9337484559,18.3161230975,15.0524140513,21.512391196,16.3513475068,22.5196033003,19.9910681292,21.7012325062,18.4043513235,16.9110737294,10.4811050466,15.651825367,18.3555850791,12.5131231186,10.8480269811,17.8908771474,18.0027334617,12.5107799033,18.7873458851,21.1238529262,19.0669675085,16.9151088372,19.4066014038,14.3057063136,17.4834961733,15.9504287586,16.8261787188,15.9069339181,11.582919911,6.20702571492,7.28664739768,0.0,8.86481299474,8.91006403521,6.74079403954,9.44012395798,5.83516926876,6.9955581866,11.9568323285,12.7100292181,15.8056648361,13.9774465084,17.2313706536,13.6782946608,18.869056527,17.0022307176,10.7810175854,17.3341278378,11.4491723431,18.0912508087,21.078607367,19.0000437663,12.8445085861,10.813445743,8.21866716378,6.45893859889,8.71136934345,5.99433329801,11.5264577926,14.9814658781
F,F,F,F,F,F,F,44.0,F,B,0.2125,181,F,B,0.0625,F,-0.3867,F,0.004226,PHE,181,1.06009127704,1.1141650977,PHE,44.0,0.584801079469,0.688606642084,F,15.1259250527,9.12217755512,11.9758714848,10.9977468266,12.974384396,15.848744464,16.3348755834,20.7210832933,18.9446036049,22.1570236265,14.32493638,15.809649401,15.702319794,13.7327284482,17.2985738822,12.1535511905,16.9719179252,13.3356329022,16.729860112,14.8907494714,15.4866728243,10.0766775541,17.5835925916,16.8752402715,11.269848492,14.1290695124,18.81791269,16.3329256089,14.597532295,21.8457246527,21.9965930627,19.1131048168,19.6716111094,23.1231978458,19.2180755824,22.7631391141,19.5361907542,22.4904014388,22.5797232798,15.8667327731,14.5872861717,9.90239093983,8.86481299474,0.0,3.98109282515,7.70920646981,8.49956527582,12.3291160133,6.3606439047,13.5276655636,15.6161709657,15.7602839531,11.9104605394,13.049221338,8.85429478786,12.3726962431,12.6853994976,7.67934491297,9.63226081011,4.36552717007,9.29050227181,13.1798671053,12.7434354168,5.30386096196,8.0573016466,6.01811004033,8.70712790211,13.6409797594,14.3007879331,18.2808461566,22.459608495
A,A,A,A,A,A,A,45.0,A,B,0.720930232558,182,A,B,0.124031007752,A,-0.4742,A,0.002169,ALA,182,1.06867753076,1.06559346151,ALA,45.0,0.426991815485,0.501860295818,A,18.2828552062,12.9026597729,14.5040454458,13.7891552502,13.7888329181,17.0893290393,15.9348461331,21.0499696624,20.1019493173,23.8907549493,16.1813826124,18.5447343206,18.7761979843,17.3051034249,21.0306232613,16.1219251598,20.8267155835,16.9090653147,20.3579195145,18.7879789604,18.7615312825,13.038096301,20.4596666472,20.5093406689,14.9276329523,16.7228538364,22.2562032124,20.1791888554,17.607758208,24.8681375134,25.5163485103,22.3938597201,22.2843136385,25.8730453413,21.4972488241,25.0758570645,22.2999892008,24.4877867991,24.2792614718,18.3651709578,14.8601446447,12.5186194504,8.91006403521,3.98109282515,0.0,4.94125590312,7.97527106966,12.5905774067,8.64768864066,14.4880950473,17.8667557167,18.1956800238,13.3183063976,16.1270547357,12.7181521814,15.3528576177,14.9951543924,9.64414727483,11.2221526799,8.1722817095,11.3929826335,15.8634601984,15.4183125996,8.47602901068,9.79708424564,9.36599164691,9.08369124482,15.5936901908,14.6107985781,19.6818451383,23.5918044122
G,G,G,G,G,G,G,46.0,G,B,0.769230769231,183,G,B,0.0384615384615,G,-0.3899,G,0.004152,GLY,183,1.01285260528,1.08188430667,GLY,46.0,0.353397966153,0.45620556453,G,22.0501539273,16.0822786139,17.8546788525,15.1294174716,14.8559891729,16.7543901966,14.3482380751,20.3089681777,20.2882717907,25.0949470624,18.1875771426,20.046448296,21.7494358417,19.4312593377,24.4233139918,19.0631595749,24.2452926956,20.4760680601,23.0560832285,21.1540875262,19.709655648,13.5529149763,20.1937105895,21.8718512959,16.4861396322,16.1973760246,22.9511281096,22.1727325555,18.2695820954,24.8453775899,26.6038033553,24.1863004,22.9344568624,25.8596156086,20.9304219985,23.9924616677,21.7762573192,22.7496707546,22.4576381116,17.8612374015,11.7600901224,12.6142145364,6.74079403954,7.70920646981,4.94125590312,0.0,6.62757165717,9.51741496155,8.96731958709,12.8102880182,16.8439041986,18.0162012077,13.3155446441,17.9604214267,15.3758346782,18.3414894482,16.4731314976,10.4494906647,14.606694182,11.5412430045,16.0672519193,20.5966995208,19.7459054945,12.7790680552,12.6357616716,11.3581683755,9.58076522396,15.1624739474,12.2389900023,18.2226276222,20.932257554
K,K,K,K,K,K,K,47.0,K,B,0.427966101695,184,K,B,0.423728813559,K,0.9841,K,0.03647,LYS,184,0.811592779788,1.02789309556,LYS,47.0,0.392576896217,0.554314629998,K,23.0065105555,15.9464557266,20.086398561,16.4630915737,19.1518682803,19.993273638,19.2404632308,24.831150503,24.0741684742,28.4820197382,21.4351159884,21.7187667078,23.1464825134,19.3468444796,23.9498054095,17.5738884522,21.6782513292,17.4999012237,19.0078650511,18.1454404153,15.3027365066,10.2478926465,16.8071449331,18.3118599254,14.7625260426,14.2928732088,20.6281792082,20.4373859475,18.2737255977,23.5622131163,25.327393225,24.7286729028,24.2856659039,25.988634924,21.5603566196,23.4134354957,19.9386307254,21.1332916375,22.5213163755,17.4310384317,12.7645453655,12.2153966103,9.44012395798,8.49956527582,7.97527106966,6.62757165717,0.0,8.67992013338,6.69076119446,7.36499872242,13.2878693222,12.7415034705,6.95803148428,13.0070990793,12.8258333462,14.1177878647,10.7810097983,5.49003814795,11.2339826757,10.0821665195,15.1529159433,20.5359915867,21.0229414617,13.4722814712,15.7948348859,11.7308393309,13.877150071,16.6423340944,14.9887654361,19.9168167399,20.6407591044
Q,Q,Q,Q,Q,Q,Q,48.0,Q,B,0.453333333333,185,Q,B,0.377777777778,Q,-0.4569,Q,0.002575,GLN,185,0.759683225994,0.980639608535,GLN,48.0,0.439390770549,0.617431704626,Q,23.8071349435,16.7210081953,20.3354866256,13.7330001832,16.8489163156,14.8575839225,14.4478094347,19.6636752394,19.4658449515,24.6980999801,19.5102148533,18.4345334523,22.2768536397,17.5433414763,24.2555964469,18.2627397493,23.8154590314,21.2117559531,21.5999939979,18.7687686275,15.1723304043,9.58059260524,13.0981285844,17.4257860102,13.4600718057,9.37646180357,17.145713805,18.9508363012,14.0684794685,18.1023403689,21.4909850396,21.6137588136,19.3529441445,19.9872924118,15.0504936018,16.2923873258,14.2826622713,13.8380085549,14.5228456669,11.5130401677,4.47686797133,8.60737727694,5.83516926876,12.3291160133,12.5905774067,9.51741496155,8.67992013338,0.0,7.55606518653,7.73369590574,9.16522472191,12.5290489465,11.6143524809,16.26670281,14.865828139,19.1333889214,15.6583759949,10.1521656474,18.4048400551,13.7611377491,20.9168247838,24.5873855992,23.293958981,16.6665530796,16.0570036626,11.5306797589,12.2037322478,11.117200703,8.17774385651,12.6242757985,12.1657224413
L,L,L,L,L,L,L,49.0,L,B,0.0248756218905,186,L,B,0.0248756218905,L,-0.3936,L,0.004064,LEU,186,0.968275535223,0.974239880578,LEU,49.0,0.665955524331,0.692624845548,L,17.7306549776,10.2659297439,15.1440382628,10.3073595433,15.0106100072,15.0997992408,16.4312282157,20.8975495232,19.1979294068,23.0294083931,16.3274619862,15.4959543924,17.2804472448,12.8004950811,18.0991964449,11.7375707946,16.898463738,13.8577307435,15.1221263619,12.7072074243,10.8760116276,4.62958825216,11.8692479432,12.9232084913,8.24070108055,8.65243976614,14.503795011,14.0395007136,11.7276409753,17.4614255837,18.7944204786,18.1248497245,17.9796938056,19.7486984046,15.7236896157,18.028622336,14.3441163846,16.809268169,17.8834031902,11.5061739607,10.4854182866,5.89804941833,6.9955581866,6.3606439047,8.64768864066,8.96731958709,6.69076119446,7.55606518653,0.0,8.09679054169,9.34820125266,10.1756079459,8.11225016887,10.2594192258,7.6925590131,12.1501285938,10.1850806989,4.37228606596,11.7981903082,6.33196663608,13.7503635187,17.3545419824,16.8389091455,9.94509547762,11.6685895922,5.82907420933,10.4736162024,11.0405011327,11.7707895982,15.0866967204,17.2876510108
E,E,E,E,E,E,E,50.0,E,B,0.520179372197,187,E,B,0.520179372197,E,-0.4437,E,0.002885,GLU,187,0.618372269572,0.830900590578,GLU,50.0,0.386637721519,0.611090802367,E,25.2982937888,17.6727029365,23.1732953133,17.4488800487,22.3626415753,21.0962911291,21.7045596549,26.6634162356,25.6433470103,30.01804749,24.0431757677,22.3454497399,24.813512866,19.3336180985,24.6159709652,17.8320105546,21.5547729492,18.3346868026,17.6445975455,16.6181779231,11.3884569393,8.22491065276,11.7042057391,14.9435705219,13.7321057338,10.95675701,17.0035254315,18.8219421421,17.0969509492,19.8607384192,22.5171076051,24.2677035618,23.6164326403,23.4381932702,19.5688666068,19.6374804533,15.6605991632,16.1443863182,19.1177753462,15.0042704383,11.9169132134,11.7424097772,11.9568323285,13.5276655636,14.4880950473,12.8102880182,7.36499872242,7.73369590574,8.09679054169,0.0,7.80232474978,7.06938735409,5.27683834034,11.3974372196,13.3451483898,14.8857900266,9.86664414384,6.96125525833,15.0513040709,13.2115573839,19.5629195943,24.1428691424,24.5444319952,17.5344867117,19.6857127514,13.7617160719,17.5544298567,16.424035645,15.5595289622,18.7707159219,16.8018225565
D,D,D,D,D,D,D,51.0,D,B,0.347150259067,188,D,B,0.347150259067,D,-0.4557,D,0.002603,ASP,188,0.686327922194,0.837379012652,ASP,51.0,0.527102494807,0.664979440144,D,22.8579420743,15.6719452098,21.3510529517,14.0963892096,20.7775984698,17.7896396303,20.5215003819,23.9350036592,22.2154161323,25.9573963405,21.4552417864,17.921006617,21.403411987,14.9400138769,21.0435289267,14.9264874886,19.1954774151,17.8790868568,16.0568387581,13.1869353144,7.90531798999,6.27258222305,4.37770485554,10.0451167279,9.7608548705,4.71194619174,10.0197081845,13.6318483432,11.6262470921,12.2912250039,15.5409042043,18.7787349685,17.9410004912,16.4200341492,13.4294827362,12.5199264432,8.00214533994,9.39468717079,13.0617728838,8.86950919024,10.9662544806,8.56130623904,12.7100292181,15.6161709657,17.8667557167,16.8439041986,13.2878693222,9.16522472191,9.34820125266,7.80232474978,0.0,5.86261985442,10.7235020659,11.8374754347,12.279818017,16.3221906438,12.8448290932,10.6183131024,18.7756910708,14.2561769137,21.5950180263,24.2612416299,23.6068796762,18.071346367,19.0616591355,12.5749706977,17.2893173966,12.3774923492,13.8842257579,14.1788553091,12.1068863887
G,G,G,G,G,G,G,52.0,G,B,0.653846153846,189,G,B,0.653846153846,G,1.679,G,0.05283,GLY,189,0.596781600265,0.70196492572,GLY,52.0,0.437356506111,0.541777927743,G,23.459836113,16.1974428582,22.8055606645,17.0842302882,23.9784788888,22.2477682661,24.8291201799,28.5789990989,26.5190039114,29.7534664993,24.2863849747,21.1716552443,23.0982813597,16.8488284452,21.2071575448,14.6640877688,17.1093415566,15.0633654739,12.5370158343,11.7337080419,5.20976036021,6.7917759777,7.14268408831,9.02919987191,11.0087831318,9.43013674107,12.2085430764,14.4523265427,15.3128249853,16.2870632551,18.063802324,21.5068849268,22.0688719315,20.939495501,18.5385753664,17.8212516308,12.5659568872,14.787518144,18.8422591438,13.8169797017,15.6336881023,11.9161672075,15.8056648361,15.7602839531,18.1956800238,18.0162012077,12.7415034705,12.5290489465,10.1756079459,7.06938735409,5.86261985442,0.0,7.32604069017,7.56127317441,11.0907376943,12.4426081518,8.20788575237,8.92341026484,15.6465597938,13.4531956775,19.6096246556,22.943176585,23.6734712195,17.9308223238,20.8578536559,14.1269542935,20.1199956091,16.9162023558,18.5925740189,19.6151047873,17.8528061615
R,R,R,R,R,R,R,53.0,R,B,0.324817518248,190,R,B,0.324817518248,R,-0.4544,R,0.002635,ARG,190,0.699816432884,0.816636653076,ARG,53.0,0.448489556313,0.618483127206,R,23.4447870202,16.0764326433,22.025981236,17.9400491644,23.0334065389,23.0290977225,24.0051930599,28.8299689144,27.2461755081,30.9193607208,24.1384571079,22.8800451024,23.8995488353,18.9392735721,22.7300530307,15.925528522,18.4656238872,14.4961257898,14.2602415461,14.5910875011,10.3725632365,8.25496202559,13.4477121329,14.0830040383,13.3194796501,13.2199143556,17.7792853264,18.0917982359,18.252646968,21.8092860664,23.1784228599,24.463483676,25.0224783895,25.5242632978,22.0987993844,22.7833856911,18.0950545345,19.9787967965,22.913575549,17.3717153972,15.8486662206,13.07010924,13.9774465084,11.9104605394,13.3183063976,13.3155446441,6.95803148428,11.6143524809,8.11225016887,5.27683834034,10.7235020659,7.32604069017,0.0,7.71061102309,10.9246224114,10.2880102549,5.03892223676,4.36759670216,10.3726668698,10.6584530467,15.6541716228,20.7068009021,22.1777631309,15.2443222678,19.069545783,13.3072353051,18.3050747204,18.5002509663,18.6718804591,21.8905960089,21.3256498012
T,T,T,T,T,T,T,54.0,T,B,0.156976744186,191,T,B,0.156976744186,T,-0.4805,T,0.002021,THR,191,0.727336247157,0.959371893728,THR,54.0,0.531132280426,0.751140534166,T,19.0985662717,12.5830926672,19.4793047371,16.5118068706,23.1346359541,23.3265390414,26.1749935727,29.6959592676,26.9598247078,29.1646149478,22.6420070547,20.486304072,20.1302766906,15.1529312696,17.002753239,10.6498258044,11.2929373382,8.03606724205,6.55523791898,8.01590816292,5.99027202138,7.82451525106,11.9456715831,8.66522522466,10.040232339,13.0600867926,14.0339735419,12.8381426871,16.234699388,19.3229997839,18.8645173841,20.5886068642,22.856523502,23.3489463984,21.3340910044,22.1880587548,16.7471958617,20.6364711711,23.6710940074,16.8059957081,19.5471603398,13.1646143729,17.2313706536,13.049221338,16.1270547357,17.9604214267,13.0070990793,16.26670281,10.2594192258,11.3974372196,11.8374754347,7.56127317441,7.71061102309,0.0,6.68942510894,5.01590418704,3.8527590117,7.69603098477,9.88096903179,9.38805213792,13.3814626959,16.618431059,18.6515938375,13.5908524857,18.4697730632,12.5453830904,19.633453292,18.6527838388,21.3268943685,22.766831566,23.5926978417
L,L,L,L,L,L,L,55.0,L,B,0.0149253731343,192,L,B,0.0149253731343,L,-0.3936,L,0.004064,LEU,192,0.918106352091,1.02823871863,LEU,55.0,0.685753597172,0.774676912577,L,12.9144564409,5.92293333389,12.8281288894,10.5281763021,16.9828440442,17.8521152668,21.1778612274,24.0804263787,20.9991516145,22.8207463006,16.069595755,14.4037297126,13.6855553124,9.34140315034,11.8386761782,5.13625823257,9.22182843003,6.66407803032,8.43726809562,6.11721164081,8.27564411603,6.31305438882,12.1786741353,8.75190431241,5.39567986747,10.9748354352,12.2227266265,9.05661854115,11.4781072981,16.8559181561,15.7558844893,15.152118864,17.5718510991,19.5424962415,17.3224870985,19.7297411622,15.0802273967,19.6613050142,21.1420548476,13.4055580827,17.1247422972,9.01804395893,13.6782946608,8.85429478786,12.7181521814,15.3758346782,12.8258333462,14.865828139,7.6925590131,13.3451483898,12.279818017,11.0907376943,10.9246224114,6.68942510894,0.0,7.275118384,8.99359413965,7.86756446744,10.1915252634,4.76976323251,10.3791402424,12.1408270378,12.6695004394,7.94884284943,12.2133254774,6.76966582885,14.2357122449,13.9092944517,17.5051082598,18.7155683699,21.9618868994
S,S,S,S,S,S,S,56.0,S,B,0.4,193,S,B,0.4,S,1.406,S,0.04639,SER,193,0.69033153495,0.929192002598,SER,56.0,0.438784738783,0.64974319551,S,17.5918748746,12.203238856,18.416703265,17.6985976523,23.3243995094,24.8694181241,27.4260962127,30.9179193285,28.0269508491,29.7246279087,22.5794132765,21.5162671136,19.6856736112,16.2140915812,16.2649475222,10.800071805,10.0947773482,5.20099166681,6.87258262111,9.67188041703,10.603980883,11.1915922573,16.5036277638,12.2569663638,12.3010062321,16.8005757948,17.5866310277,14.7068146245,18.6117650491,22.9086094852,21.5716391609,21.8256992607,24.7666954223,26.3182371009,24.2946494024,25.9985225108,20.7890616681,25.0014071536,27.42940624,20.0552365179,22.4375724542,15.6115793017,18.869056527,12.3726962431,15.3528576177,18.3414894482,14.1177878647,19.1333889214,12.1501285938,14.8857900266,16.3221906438,12.4426081518,10.2880102549,5.01590418704,7.275118384,0.0,5.79868899272,9.34977174357,6.51388748881,8.56379403457,9.42478461121,12.9967038009,16.243102039,11.795569363,17.8427055732,13.2968114665,20.065132385,20.9089148212,23.6077639036,25.5554956248,27.5709307252
D,D,D,D,D,D,D,57.0,D,B,0.445595854922,194,D,B,0.445595854922,D,-0.4557,D,0.002603,ASP,194,0.688717349573,0.847701060556,ASP,57.0,0.458330491212,0.562856904101,D,21.490090712,14.7514664953,21.2291317234,18.3820316065,24.1579938509,24.6858887859,26.5924016849,30.7968828126,28.5206684515,31.2730970107,24.3310212565,22.8611362262,22.6582132744,17.9853001049,20.1507294429,13.6842785889,14.5763582819,10.4312017122,9.95260999005,11.7479734588,8.92024854422,9.13354968264,14.0963937473,12.2014335017,12.6906063659,14.7406094215,17.1839978997,16.3372957293,18.6474261376,22.1244631407,22.258005784,23.6271542934,25.3892655978,26.0590291607,23.4335498241,24.2971324078,19.055761719,22.1545705459,25.2208908717,18.7529488216,19.5124360144,14.5091518774,17.0022307176,12.6853994976,14.9951543924,16.4731314976,10.7810097983,15.6583759949,10.1850806989,9.86664414384,12.8448290932,8.20788575237,5.03892223676,3.8527590117,8.99359413965,5.79868899272,0.0,6.34112656399,8.20269987327,9.89017066479,13.3600829853,17.9330206121,20.310179579,14.3351199403,19.3980662745,13.7473482086,20.0338452482,20.14886199,21.7086173088,24.1361209869,24.4463563627
Y,Y,Y,Y,Y,Y,Y,58.0,Y,B,0.102661596958,195,Y,B,0.102661596958,Y,-0.3773,Y,0.004447,TYR,195,0.890952084942,0.964198727139,TYR,58.0,0.589078926964,0.602732823304,Y,19.6083209031,12.234972109,17.7943165059,14.1262926866,18.8694610369,19.4412877038,20.5433817708,25.1952898116,23.4435088992,26.9773457824,19.9353628983,19.1761310451,20.0021545433,15.5641354578,19.5578046158,12.8810962331,16.4878899017,12.5347247168,13.5701065666,12.8246525228,10.2979331731,6.03017927707,13.117914072,13.2149881773,10.4471320787,11.492276391,16.3685734442,15.7211874213,15.2733701086,20.2110284127,21.1793448353,21.2213702365,21.8124525701,23.2134162145,19.5848498747,21.2722156101,16.8995197932,19.4020837174,21.3821247783,15.0810005081,13.9547958072,9.89062264215,10.7810175854,7.67934491297,9.64414727483,10.4494906647,5.49003814795,10.1521656474,4.37228606596,6.96125525833,10.6183131024,8.92341026484,4.36759670216,7.69603098477,7.86756446744,9.34977174357,6.34112656399,0.0,8.75085182291,6.61074770817,12.6137969944,17.33604877,18.2161429009,11.0974034896,14.7116493543,9.17406227086,14.2533189896,15.3037877806,15.880891708,19.2613449584,20.3999143426
N,N,N,N,N,N,N,59.0,N,B,0.615384615385,196,N,B,0.235897435897,N,-0.477,N,0.002103,ASN,196,0.788172526089,0.998011783026,ASN,59.0,0.328635579071,0.558060364807,N,18.9606607568,13.7161654846,18.3624168395,18.6447309116,22.1763333541,24.8912001716,25.9059962048,30.201746599,27.9860965303,30.3266669743,22.4464332352,23.0494284778,21.2310913821,18.8926377177,19.5980771043,14.3264383543,15.2292127338,9.95371990251,13.2858631165,14.951254255,15.3520233508,13.2798676239,20.2303639469,17.4821005178,15.3051920703,19.1277803428,21.9757397074,19.0834671045,20.9489975264,26.6452521474,25.9243810145,24.7194986224,26.8703834002,29.3607623158,26.3481312488,28.7615736907,24.1329464566,27.5982007496,29.3375893364,22.2123238804,21.9688065887,16.6788339786,17.3341278378,9.63226081011,11.2221526799,14.606694182,11.2339826757,18.4048400551,11.7981903082,15.0513040709,18.7756910708,15.6465597938,10.3726668698,9.88096903179,10.1915252634,6.51388748881,8.20269987327,8.75085182291,0.0,7.89559240326,6.60330481947,12.8118879528,16.1213319002,10.3585730689,16.4841618607,13.4474103546,18.3168928695,21.7287888716,22.9575972798,26.4214703322,28.8959589024
I,I,I,I,I,I,I,60.0,I,B,0.0862944162437,197,I,B,0.0862944162437,I,-0.4754,I,0.002139,ILE,197,0.998823965247,1.04982097817,ILE,60.0,0.651031943284,0.65422645635,I,13.390997712,6.6923108854,11.8043632763,10.7500244945,15.0433039873,17.2206717865,19.163149795,22.8355414787,20.3166683924,22.7392387419,15.1130397378,15.2796747997,14.4416072505,11.6360138538,14.3279626803,8.56887687934,12.7944312961,9.10826503342,12.3991499206,10.8470865045,12.1626408678,8.04856116348,15.3824094151,13.3078269883,8.57992548391,12.9404387666,16.1416094976,13.1176249872,13.4166721147,20.0397895163,19.4797641144,17.4328133643,19.0775675768,21.9977538191,18.8646176787,21.9612243206,17.947477661,21.7481550967,22.5607768487,15.1391094967,16.246575776,9.51168744709,11.4491723431,4.36552717007,8.1722817095,11.5412430045,10.0821665195,13.7611377491,6.33196663608,13.2115573839,14.2561769137,13.4531956775,10.6584530467,9.38805213792,4.76976323251,8.56379403457,9.89017066479,6.61074770817,7.89559240326,0.0,7.70275661257,11.1471929587,11.6155348229,4.69237090052,9.68264848437,5.61824786081,11.5644032664,14.1295604549,16.3326091649,19.0632349311,22.8668250751
Q,Q,Q,Q,Q,Q,Q,61.0,Q,B,0.568888888889,198,Q,B,0.16,Q,-0.4569,Q,0.002575,GLN,198,0.866517769334,0.973801990113,GLN,61.0,0.33454445007,0.559834958027,Q,13.8919653838,10.9179822374,13.7069349045,16.7708291823,19.20486665,23.1459580897,24.6387286745,27.9694657065,25.2902066358,26.575608404,18.6446619065,20.2532256953,16.9342233917,16.6553698971,15.8210489934,12.4364506846,13.514575584,9.20505912904,14.3780782091,14.9552242162,17.8824160372,15.3835438343,22.361613084,18.6900434653,15.1695123738,20.4929971851,22.4125588587,18.0123059906,20.0380026669,26.7449623238,25.0067356791,21.9917315477,24.7893434456,28.4436492662,25.826600818,29.2609331955,25.1563199375,29.3366988955,30.0729006554,22.4814295769,23.5322069881,17.034747582,18.0912508087,9.29050227181,11.3929826335,16.0672519193,15.1529159433,20.9168247838,13.7503635187,19.5629195943,21.5950180263,19.6096246556,15.6541716228,13.3814626959,10.3791402424,9.42478461121,13.3600829853,12.6137969944,6.60330481947,7.70275661257,0.0,6.65177047408,10.2799665668,6.7372144999,13.1046581442,12.4631140873,16.6735875882,21.0667014567,23.2281661926,26.1566158811,30.5443444446
K,K,K,K,K,K,K,62.0,K,B,0.707627118644,199,K,B,0.563559322034,K,-0.4383,K,0.003012,LYS,199,0.638704119884,0.879043171542,LYS,62.0,0.305720856675,0.549651047769,K,9.02386706939,10.0256668598,10.9082189159,16.4083250264,18.73387108,22.9558579786,25.6514605922,27.5041373329,24.0748061043,23.7520873712,16.618289643,18.2403124809,13.1151818534,14.919809367,11.5123255135,11.2650279179,11.5506681894,9.78625166338,15.1222940704,14.8266012925,19.8704942991,18.1058352422,23.9975950886,19.2933549811,15.7413788675,22.1503027741,22.2685459218,16.6508836616,19.656875505,26.3067354786,23.3169057949,19.1443943303,23.0179152678,27.2526876043,25.6274397529,29.5377153665,25.8316473211,30.7650145392,30.9220643014,23.1433747936,26.3427675036,18.6524122714,21.078607367,13.1798671053,15.8634601984,20.5966995208,20.5359915867,24.5873855992,17.3545419824,24.1428691424,24.2612416299,22.943176585,20.7068009021,16.618431059,12.1408270378,12.9967038009,17.9330206121,17.33604877,12.8118879528,11.1471929587,6.65177047408,0.0,5.6405045082,8.26745885463,13.0335701795,13.930264893,18.0423829963,21.6022675297,25.1502718583,26.7612015134,32.4060127641
E,E,E,E,E,E,E,63.0,E,B,0.408071748879,200,E,B,0.336322869955,E,-0.4437,E,0.002885,GLU,200,0.686117562141,0.90404399732,GLU,63.0,0.393262476471,0.571711778617,E,4.75975194344,8.04551106706,5.68475813919,12.8361095523,14.0975494632,18.5685606831,21.6235263893,22.6209921214,19.0195988305,18.2700438434,11.3872040909,13.7375228858,8.34969229342,11.9422499605,9.64576655744,10.626141586,13.3761359444,12.8187696949,17.5165547501,15.353561734,20.5162720895,17.7960991285,23.2620874706,19.4154282636,14.4719671822,20.5570329234,20.8533990945,15.2781053563,16.6370345974,23.8577763045,20.9698442557,15.2842985504,18.729463931,23.7451963086,22.1307227837,26.686856854,23.8845650156,28.6954845723,27.9061256875,20.5082460577,24.1198955096,16.5980743085,19.0000437663,12.7434354168,15.4183125996,19.7459054945,21.0229414617,23.293958981,16.8389091455,24.5444319952,23.6068796762,23.6734712195,22.1777631309,18.6515938375,12.6695004394,16.243102039,20.310179579,18.2161429009,16.1213319002,11.6155348229,10.2799665668,5.6405045082,0.0,7.5602306102,9.22552870476,11.9710386797,14.7057432584,18.1900601614,22.077716692,23.143633641,29.8756606322
S,S,S,S,S,S,S,64.0,S,B,0.129032258065,201,S,B,0.0,S,-0.4871,S,0.001866,SER,201,0.991981722907,1.06460449184,SER,64.0,0.543496059684,0.651056174906,S,10.2847009137,5.85849062535,8.14360227156,10.3432020435,12.6894643148,16.4356542962,18.3297596014,21.3324705873,18.5971494427,20.293183052,12.2835388007,14.0077158065,11.8510850044,11.4366770701,13.0008508621,9.27274835886,13.6128425929,10.7151698496,15.1092496835,13.1589431144,16.0764061439,11.9915588125,18.8622762583,16.3673789801,10.8032533748,15.828893352,18.4439864522,14.3428640619,14.2856477777,21.8036748181,20.5569096799,16.6428360806,18.5873713671,22.7111769584,19.7581960649,23.7736851919,20.4480494619,24.4786166558,24.341960014,16.9237441593,18.3315985444,11.586883629,12.8445085861,5.30386096196,8.47602901068,12.7790680552,13.4722814712,16.6665530796,9.94509547762,17.5344867117,18.071346367,17.9308223238,15.2443222678,13.5908524857,7.94884284943,11.795569363,14.3351199403,11.0974034896,10.3585730689,4.69237090052,6.7372144999,8.26745885463,7.5602306102,0.0,6.63544429078,6.54544299343,10.420189987,14.7456513175,17.2547995573,19.8487109615,25.2045692937
T,T,T,T,T,T,T,65.0,T,B,0.31976744186,202,T,B,0.191860465116,T,-0.4805,T,0.002021,THR,202,0.876629720063,1.04166032818,THR,65.0,0.512544192812,0.700305621374,T,10.6070470641,7.93356688787,5.47437909491,7.33822232469,6.11243304129,10.9521234756,12.6537228696,14.9794342123,12.4503765462,14.685958345,6.60758897564,10.232664743,9.91957022576,10.8641202714,14.5042634427,12.2016622379,18.0516475295,16.447103396,20.1131829961,16.6527562626,19.2514974037,14.1244229931,19.9687115987,19.0329432076,12.1821106851,15.671407631,19.0109796266,15.6285798943,12.4432961943,20.6527859495,20.0414280739,14.5302092545,14.8281189909,19.9994749172,16.5976133463,21.5688198446,19.7967754421,23.195193563,21.5383880582,15.131600531,16.0974586693,10.7849588305,10.813445743,8.0573016466,9.79708424564,12.6357616716,15.7948348859,16.0570036626,11.6685895922,19.6857127514,19.0616591355,20.8578536559,19.069545783,18.4697730632,12.2133254774,17.8427055732,19.3980662745,14.7116493543,16.4841618607,9.68264848437,13.1046581442,13.0335701795,9.22552870476,6.63544429078,0.0,6.77477867065,5.52692088431,11.2413828653,13.4976692039,15.8649020752,22.8463181657
L,L,L,L,L,L,L,66.0,L,B,0.0,203,L,B,0.0,L,1.505,L,0.04872,LEU,203,1.00768662823,1.10898077142,LEU,66.0,0.721056275254,0.799296895132,L,12.3558671884,5.43152397076,9.46115644237,5.39409194159,10.6031127852,11.7069786526,14.4755995266,17.6285518944,15.0142784115,17.9088408773,10.8574425521,10.4093914474,11.5776902175,8.1681575132,13.515139742,8.37599369286,14.6809359854,12.7700531769,15.1004584389,11.4621798785,12.6887862001,7.36684725871,13.5309587238,12.9864085701,6.24810938366,9.65716896515,13.5715970542,11.2470219139,8.63189095648,16.155225315,16.208794585,13.4360425173,13.9208567848,17.2058107906,13.6820225673,17.4551714318,14.4114374501,18.0628510775,17.8415319059,10.5351567258,12.5769736449,5.08678243927,8.21866716378,6.01811004033,9.36599164691,11.3581683755,11.7308393309,11.5306797589,5.82907420933,13.7617160719,12.5749706977,14.1269542935,13.3072353051,12.5453830904,6.76966582885,13.2968114665,13.7473482086,9.17406227086,13.4474103546,5.61824786081,12.4631140873,13.930264893,11.9710386797,6.54544299343,6.77477867065,0.0,7.57669271064,8.65200018557,11.6965006822,13.7195419661,18.7172045777
H,H,H,H,H,H,H,67.0,H,B,0.352678571429,204,H,B,0.138392857143,H,-0.466,H,0.002361,HIS,204,0.907900396224,1.09345463477,HIS,67.0,0.486447294265,0.770645165755,H,15.6923904154,11.5078230095,10.5779139439,7.91593685256,5.39297012216,8.31886086132,7.96828083405,12.1248293688,11.0852955457,15.5331937754,8.96305289703,11.6216561652,14.0516092881,13.2128399444,18.7726760709,15.3317657153,21.7253678752,19.7740596887,22.6307279184,18.922528417,19.7174607652,13.6503364184,19.0915575976,20.119607099,13.2076213919,14.1102150638,19.3456607723,17.6923011681,12.3087321603,20.0658135684,21.0327208631,16.561671063,14.8655243654,19.3162002984,14.8043932002,19.5261701749,18.5168805269,20.5752155811,18.4845646502,13.4192866337,11.5305271818,9.34222636304,6.45893859889,8.70712790211,9.08369124482,9.58076522396,13.877150071,12.2037322478,10.4736162024,17.5544298567,17.2893173966,20.1199956091,18.3050747204,19.633453292,14.2357122449,20.065132385,20.0338452482,14.2533189896,18.3168928695,11.5644032664,16.6735875882,18.0423829963,14.7057432584,10.420189987,5.52692088431,7.57669271064,0.0,8.82668937151,8.61831990529,12.5240921121,19.0328259526
L,L,L,L,L,L,L,68.0,L,B,0.0646766169154,205,L,B,0.0597014925373,L,-0.3936,L,0.004064,LEU,205,0.853610956009,1.0289309482,LEU,68.0,0.660632431246,0.777919365894,L,16.8892588053,12.0086837661,13.501401144,5.44910877289,9.83286672094,5.48836962392,10.1877506101,11.9445047617,9.84188190388,14.1917692388,10.8067886658,8.09784033131,13.7272884933,9.82187121366,17.4489867476,13.9163847525,20.5792168187,20.1749146165,21.0216289431,16.1244262317,16.0449031448,11.2738986747,13.0331654994,15.6118712783,9.77448318764,8.03920839316,12.6047847464,13.2034689137,5.45731429147,11.7372543112,13.9872352581,11.7587996258,8.44170092157,10.9788474652,6.09333504641,10.7660651184,10.566382559,12.704905668,10.3049205517,5.2447135784,8.94857834551,5.64131297378,8.71136934345,13.6409797594,15.5936901908,15.1624739474,16.6423340944,11.117200703,11.0405011327,16.424035645,12.3774923492,16.9162023558,18.5002509663,18.6527838388,13.9092944517,20.9089148212,20.14886199,15.3037877806,21.7287888716,14.1295604549,21.0667014567,21.6022675297,18.1900601614,14.7456513175,11.2413828653,8.65200018557,8.82668937151,0.0,6.55019415784,5.18657463564,12.2053617113
V,V,V,V,V,V,V,69.0,V,B,0.310344827586,206,V,B,0.14367816092,V,2.884,V,0.08116,VAL,206,0.769903868613,0.893679027086,VAL,69.0,0.46031997399,0.63210133894,V,21.8861944642,16.5189560255,17.5337733659,10.7605854749,11.3129917842,7.76082967451,7.07314578815,11.6550356913,12.1358434125,18.0271122905,14.5423442889,14.0027592743,19.1716131231,15.892093649,23.2573194449,18.9862916846,25.5810669877,24.0712390379,25.1730105463,20.9788466178,19.4528974574,13.6880780123,16.2579439245,20.1829559906,14.5596114749,11.1620966124,17.8565853456,19.0974942092,11.7875469044,16.8409536072,20.1387591811,18.2236997109,14.3347172589,16.2744958573,10.8396162814,14.070272614,14.5541251563,14.2262999978,11.5934904909,9.89514014047,4.58903907698,8.94105236074,5.99433329801,14.3007879331,14.6107985781,12.2389900023,14.9887654361,8.17774385651,11.7707895982,15.5595289622,13.8842257579,18.5925740189,18.6718804591,21.3268943685,17.5051082598,23.6077639036,21.7086173088,15.880891708,22.9575972798,16.3326091649,23.2281661926,25.1502718583,22.077716692,17.2547995573,13.4976692039,11.6965006822,8.61831990529,6.55019415784,0.0,6.6035029594,11.0836618839
L,L,L,L,L,L,L,70.0,L,B,0.442786069652,207,L,B,0.442786069652,L,2.312,L,0.06771,LEU,207,0.636679278158,0.757745454709,LEU,70.0,0.480184209419,0.575376853148,L,21.5625038487,17.1342759252,18.1417634715,10.4506630864,12.9492413771,6.66884332178,10.3094954356,11.1334854111,10.4428685051,15.3771453098,14.4172859713,11.5274103751,17.941721724,14.2295976072,21.8856115247,18.7139757997,25.2037275032,25.0527052073,25.3407293626,20.3601551857,19.3913500603,15.1049949987,14.9164386904,18.9868650963,14.2233869162,10.4469754052,14.8869058037,17.0164861151,9.09650581227,12.0544688884,15.7856939314,14.6364813159,9.60388844757,10.2872188447,5.08618824151,8.7069349768,11.1060001597,10.9994560302,6.67887340545,6.90333543216,8.96046629603,9.99165139197,11.5264577926,18.2808461566,19.6818451383,18.2226276222,19.9168167399,12.6242757985,15.0866967204,18.7707159219,14.1788553091,19.6151047873,21.8905960089,22.766831566,18.7155683699,25.5554956248,24.1361209869,19.2613449584,26.4214703322,19.0632349311,26.1566158811,26.7612015134,23.143633641,19.8487109615,15.8649020752,13.7195419661,12.5240921121,5.18657463564,6.6035029594,0.0,8.94735360342
R,R,R,R,R,R,R,71.0,R,B,0.733576642336,208,R,B,0.733576642336,R,0.8792,R,0.034,ARG,208,0.442690531281,0.588686507047,ARG,71.0,0.316286958622,0.424615751605,R,28.5005665601,22.6620269621,25.6114101306,17.2871276679,21.0939845454,15.4058772335,17.0893846242,19.2530255834,19.341976813,24.1873022356,22.8321954838,19.3558552029,25.3739800162,20.0779811762,27.6836609854,23.1942860216,28.8627810259,28.3227371035,27.1939343004,23.0081386841,19.4053966032,16.4092382049,13.5813684169,20.0155455466,17.752493492,11.2287367923,16.2546212569,20.7786429975,14.532712766,13.3907180004,18.9512996114,21.2063715878,16.9729520701,14.3288726806,10.6221330686,8.40891823957,10.6660670726,5.92492190646,4.92763943691,10.1708079679,9.27609444959,13.7886973584,14.9814658781,22.459608495,23.5918044122,20.932257554,20.6407591044,12.1657224413,17.2876510108,16.8018225565,12.1068863887,17.8528061615,21.3256498012,23.5926978417,21.9618868994,27.5709307252,24.4463563627,20.3999143426,28.8959589024,22.8668250751,30.5443444446,32.4060127641,29.8756606322,25.2045692937,22.8463181657,18.7172045777,19.0328259526,12.2053617113,11.0836618839,8.94735360342,0.0
